timestamp_ms,frame,unity_time,hmd_pos_x,hmd_pos_y,hmd_pos_z,hmd_rot_x,hmd_rot_y,hmd_rot_z,hmd_rot_w,left_pos_x,left_pos_y,left_pos_z,left_rot_x,left_rot_y,left_rot_z,left_rot_w,right_pos_x,right_pos_y,right_pos_z,right_rot_x,right_rot_y,right_rot_z,right_rot_w
1768397034833,0,73.6592,0.0144,1.1935,-0.2582,0.0130,0.1538,-0.0079,0.9880,0.0000,0.0000,0.0000,0.0000,0.0000,0.0000,1.0000,0.2226,0.8405,0.1924,0.1077,0.1166,0.4137,0.8965
1768397034870,1,73.7008,0.0144,1.1934,-0.2587,0.0126,0.1538,-0.0077,0.9880,0.0000,0.0000,0.0000,0.0000,0.0000,0.0000,1.0000,0.2206,0.8435,0.1920,0.0866,0.1150,0.4226,0.8948
1768397034909,2,73.7394,0.0140,1.1936,-0.2593,0.0124,0.1539,-0.0074,0.9880,0.0000,0.0000,0.0000,0.0000,0.0000,0.0000,1.0000,0.2209,0.8462,0.1929,0.1090,0.1240,0.4021,0.9006
1768397034953,3,73.7837,0.0134,1.1940,-0.2599,0.0115,0.1538,-0.0067,0.9880,0.0000,0.0000,0.0000,0.0000,0.0000,0.0000,1.0000,0.2202,0.8471,0.1922,0.0990,0.1215,0.4084,0.8993
1768397034993,4,73.8235,0.0129,1.1943,-0.2602,0.0115,0.1526,-0.0069,0.9882,0.0000,0.0000,0.0000,0.0000,0.0000,0.0000,1.0000,0.2210,0.8489,0.1920,0.1006,0.1271,0.4013,0.9015
1768397035033,5,73.8644,0.0124,1.1943,-0.2609,0.0099,0.1516,-0.0056,0.9884,0.0000,0.0000,0.0000,0.0000,0.0000,0.0000,1.0000,0.2222,0.8507,0.1915,0.1006,0.1327,0.3945,0.9037
1768397035075,6,73.9056,0.0118,1.1945,-0.2620,0.0096,0.1523,-0.0056,0.9883,0.0000,0.0000,0.0000,0.0000,0.0000,0.0000,1.0000,0.2226,0.8509,0.1905,0.1041,0.1308,0.3923,0.9045
1768397035117,7,73.9474,0.0111,1.1947,-0.2634,0.0086,0.1519,-0.0050,0.9883,0.0000,0.0000,0.0000,0.0000,0.0000,0.0000,1.0000,0.2225,0.8514,0.1891,0.0996,0.1279,0.3995,0.9023
1768397035158,8,73.9892,0.0101,1.1951,-0.2648,0.0075,0.1533,-0.0041,0.9881,0.0000,0.0000,0.0000,0.0000,0.0000,0.0000,1.0000,0.2227,0.8549,0.1881,0.0922,0.1297,0.4050,0.9004
1768397035200,9,74.0308,0.0094,1.1952,-0.2661,0.0059,0.1534,-0.0032,0.9881,0.0000,0.0000,0.0000,0.0000,0.0000,0.0000,1.0000,0.2233,0.8628,0.1878,0.0875,0.1339,0.4031,0.9011
1768397035242,10,74.0725,0.0086,1.1954,-0.2672,0.0047,0.1532,-0.0034,0.9882,0.0000,0.0000,0.0000,0.0000,0.0000,0.0000,1.0000,0.2236,0.8763,0.1878,0.0712,0.1367,0.4084,0.8997
1768397035284,11,74.1145,0.0079,1.1955,-0.2682,0.0028,0.1522,-0.0034,0.9883,0.0000,0.0000,0.0000,0.0000,0.0000,0.0000,1.0000,0.2242,0.8964,0.1879,0.0522,0.1411,0.4126,0.8984
1768397035325,12,74.1558,0.0072,1.1958,-0.2690,0.0034,0.1518,-0.0029,0.9884,0.0000,0.0000,0.0000,0.0000,0.0000,0.0000,1.0000,0.2253,0.9222,0.1894,0.0503,0.1310,0.4093,0.9016
1768397035367,13,74.1980,0.0066,1.1961,-0.2700,0.0021,0.1515,-0.0028,0.9885,0.0000,0.0000,0.0000,0.0000,0.0000,0.0000,1.0000,0.2274,0.9527,0.1885,0.0176,0.1482,0.4051,0.9020
1768397035408,14,74.2395,0.0059,1.1965,-0.2708,0.0024,0.1513,-0.0005,0.9885,0.0000,0.0000,0.0000,0.0000,0.0000,0.0000,1.0000,0.2285,0.9854,0.1854,-0.0038,0.1599,0.4122,0.8970
1768397035450,15,74.2809,0.0051,1.1965,-0.2717,0.0016,0.1518,-0.0013,0.9884,0.0000,0.0000,0.0000,0.0000,0.0000,0.0000,1.0000,0.2277,1.0189,0.1800,-0.0318,0.1615,0.4115,0.8964
1768397035491,16,74.3226,0.0042,1.1967,-0.2727,0.0012,0.1525,-0.0001,0.9883,0.0000,0.0000,0.0000,0.0000,0.0000,0.0000,1.0000,0.2260,1.0528,0.1720,-0.0658,0.1615,0.4076,0.8963
1768397035534,17,74.3646,0.0032,1.1967,-0.2735,-0.0002,0.1519,0.0005,0.9884,0.0000,0.0000,0.0000,0.0000,0.0000,0.0000,1.0000,0.2256,1.0866,0.1636,-0.0999,0.1782,0.4103,0.8888
1768397035576,18,74.4063,0.0021,1.1971,-0.2746,-0.0005,0.1518,0.0016,0.9884,0.0000,0.0000,0.0000,0.0000,0.0000,0.0000,1.0000,0.2235,1.1183,0.1528,-0.1256,0.1821,0.4062,0.8866
1768397035619,19,74.4499,0.0008,1.1977,-0.2759,-0.0014,0.1513,0.0049,0.9885,0.0000,0.0000,0.0000,0.0000,0.0000,0.0000,1.0000,0.2203,1.1483,0.1400,-0.1535,0.1787,0.3979,0.8867
1768397035658,20,74.4895,-0.0004,1.1980,-0.2771,-0.0037,0.1518,0.0064,0.9884,0.0000,0.0000,0.0000,0.0000,0.0000,0.0000,1.0000,0.2182,1.1775,0.1271,-0.1888,0.1895,0.3976,0.8777
1768397035702,21,74.5314,-0.0016,1.1985,-0.2787,-0.0047,0.1523,0.0083,0.9883,0.0000,0.0000,0.0000,0.0000,0.0000,0.0000,1.0000,0.2175,1.2056,0.1134,-0.2124,0.2024,0.3858,0.8747
1768397035742,22,74.5730,-0.0029,1.1986,-0.2804,-0.0065,0.1541,0.0092,0.9880,0.0000,0.0000,0.0000,0.0000,0.0000,0.0000,1.0000,0.2159,1.2302,0.0988,-0.2344,0.2073,0.3759,0.8722
1768397035784,23,74.6149,-0.0039,1.1987,-0.2820,-0.0088,0.1556,0.0085,0.9877,0.0000,0.0000,0.0000,0.0000,0.0000,0.0000,1.0000,0.2146,1.2506,0.0847,-0.2552,0.2177,0.3711,0.8659
1768397035826,24,74.6560,-0.0047,1.1989,-0.2834,-0.0089,0.1562,0.0097,0.9876,0.0000,0.0000,0.0000,0.0000,0.0000,0.0000,1.0000,0.2139,1.2677,0.0719,-0.2713,0.2232,0.3613,0.8638
1768397035867,25,74.6984,-0.0057,1.1987,-0.2845,-0.0105,0.1574,0.0085,0.9874,0.0000,0.0000,0.0000,0.0000,0.0000,0.0000,1.0000,0.2147,1.2830,0.0604,-0.2913,0.2344,0.3517,0.8582
1768397035909,26,74.7389,-0.0060,1.1991,-0.2852,-0.0102,0.1571,0.0086,0.9875,0.0000,0.0000,0.0000,0.0000,0.0000,0.0000,1.0000,0.2163,1.2952,0.0506,-0.3042,0.2450,0.3413,0.8550
1768397035951,27,74.7818,-0.0067,1.1992,-0.2861,-0.0111,0.1568,0.0109,0.9875,0.0000,0.0000,0.0000,0.0000,0.0000,0.0000,1.0000,0.2190,1.3061,0.0422,-0.3172,0.2623,0.3254,0.8513
1768397035993,28,74.8232,-0.0071,1.1991,-0.2869,-0.0116,0.1578,0.0111,0.9873,0.0000,0.0000,0.0000,0.0000,0.0000,0.0000,1.0000,0.2225,1.3142,0.0358,-0.3229,0.2769,0.3106,0.8500
1768397036033,29,74.8640,-0.0073,1.1992,-0.2876,-0.0123,0.1582,0.0116,0.9873,0.0000,0.0000,0.0000,0.0000,0.0000,0.0000,1.0000,0.2259,1.3200,0.0308,-0.3310,0.2898,0.2987,0.8469
1768397036076,30,74.9062,-0.0073,1.1992,-0.2883,-0.0116,0.1591,0.0117,0.9871,0.0000,0.0000,0.0000,0.0000,0.0000,0.0000,1.0000,0.2294,1.3229,0.0278,-0.3352,0.2999,0.2866,0.8459
1768397036118,31,74.9483,-0.0074,1.1990,-0.2892,-0.0119,0.1606,0.0112,0.9869,0.0000,0.0000,0.0000,0.0000,0.0000,0.0000,1.0000,0.2324,1.3224,0.0274,-0.3321,0.3078,0.2844,0.8450
1768397036159,32,74.9894,-0.0075,1.1989,-0.2900,-0.0126,0.1620,0.0108,0.9867,0.0000,0.0000,0.0000,0.0000,0.0000,0.0000,1.0000,0.2358,1.3208,0.0280,-0.3344,0.3184,0.2754,0.8432
1768397036200,33,75.0307,-0.0075,1.1988,-0.2905,-0.0120,0.1623,0.0102,0.9866,0.0000,0.0000,0.0000,0.0000,0.0000,0.0000,1.0000,0.2397,1.3169,0.0304,-0.3312,0.3311,0.2628,0.8436
1768397036242,34,75.0724,-0.0073,1.1986,-0.2907,-0.0125,0.1618,0.0103,0.9867,0.0000,0.0000,0.0000,0.0000,0.0000,0.0000,1.0000,0.2425,1.3099,0.0347,-0.3255,0.3392,0.2584,0.8440
1768397036283,35,75.1143,-0.0073,1.1987,-0.2909,-0.0128,0.1629,0.0103,0.9865,0.0000,0.0000,0.0000,0.0000,0.0000,0.0000,1.0000,0.2446,1.3006,0.0397,-0.3222,0.3400,0.2499,0.8474
1768397036325,36,75.1559,-0.0071,1.1987,-0.2907,-0.0124,0.1622,0.0111,0.9866,0.0000,0.0000,0.0000,0.0000,0.0000,0.0000,1.0000,0.2469,1.2883,0.0464,-0.3105,0.3470,0.2434,0.8508
1768397036367,37,75.1977,-0.0069,1.1988,-0.2905,-0.0125,0.1615,0.0102,0.9867,0.0000,0.0000,0.0000,0.0000,0.0000,0.0000,1.0000,0.2480,1.2724,0.0544,-0.3011,0.3516,0.2481,0.8510
1768397036408,38,75.2391,-0.0070,1.1990,-0.2900,-0.0121,0.1608,0.0118,0.9868,0.0000,0.0000,0.0000,0.0000,0.0000,0.0000,1.0000,0.2489,1.2542,0.0631,-0.2904,0.3551,0.2498,0.8527
1768397036450,39,75.2809,-0.0068,1.1992,-0.2897,-0.0121,0.1592,0.0126,0.9871,0.0000,0.0000,0.0000,0.0000,0.0000,0.0000,1.0000,0.2485,1.2315,0.0732,-0.2709,0.3516,0.2525,0.8598
1768397036492,40,75.3228,-0.0066,1.1991,-0.2892,-0.0120,0.1589,0.0115,0.9871,0.0000,0.0000,0.0000,0.0000,0.0000,0.0000,1.0000,0.2458,1.2043,0.0842,-0.2483,0.3377,0.2663,0.8680
1768397036533,41,75.3644,-0.0063,1.1988,-0.2888,-0.0120,0.1591,0.0111,0.9871,0.0000,0.0000,0.0000,0.0000,0.0000,0.0000,1.0000,0.2415,1.1737,0.0958,-0.2217,0.3262,0.2766,0.8763
1768397036575,42,75.4059,-0.0058,1.1985,-0.2885,-0.0119,0.1587,0.0097,0.9872,0.0000,0.0000,0.0000,0.0000,0.0000,0.0000,1.0000,0.2367,1.1411,0.1069,-0.1954,0.3159,0.3000,0.8786
1768397036617,43,75.4477,-0.0056,1.1984,-0.2883,-0.0107,0.1594,0.0098,0.9871,0.0000,0.0000,0.0000,0.0000,0.0000,0.0000,1.0000,0.2312,1.1065,0.1182,-0.1618,0.3040,0.3204,0.8824
1768397036658,44,75.4898,-0.0051,1.1979,-0.2878,-0.0120,0.1580,0.0079,0.9873,0.0000,0.0000,0.0000,0.0000,0.0000,0.0000,1.0000,0.2242,1.0700,0.1267,-0.1307,0.2871,0.3498,0.8821
1768397036700,45,75.5312,-0.0047,1.1979,-0.2872,-0.0110,0.1562,0.0079,0.9876,0.0000,0.0000,0.0000,0.0000,0.0000,0.0000,1.0000,0.2186,1.0354,0.1338,-0.0910,0.2632,0.3673,0.8874
1768397036742,46,75.5726,-0.0043,1.1977,-0.2862,-0.0110,0.1556,0.0067,0.9877,0.0000,0.0000,0.0000,0.0000,0.0000,0.0000,1.0000,0.2141,1.0043,0.1380,-0.0667,0.2561,0.3793,0.8866
1768397036784,47,75.6147,-0.0035,1.1978,-0.2852,-0.0106,0.1520,0.0055,0.9883,0.0000,0.0000,0.0000,0.0000,0.0000,0.0000,1.0000,0.2091,0.9734,0.1414,-0.0327,0.2340,0.3979,0.8865
1768397036826,48,75.6560,-0.0035,1.1979,-0.2847,-0.0102,0.1506,0.0070,0.9885,0.0000,0.0000,0.0000,0.0000,0.0000,0.0000,1.0000,0.2054,0.9483,0.1429,-0.0101,0.2292,0.4029,0.8860
1768397036867,49,75.6975,-0.0034,1.1977,-0.2841,-0.0106,0.1494,0.0051,0.9887,0.0000,0.0000,0.0000,0.0000,0.0000,0.0000,1.0000,0.2010,0.9256,0.1429,0.0097,0.2148,0.4158,0.8837
1768397036908,50,75.7393,-0.0031,1.1974,-0.2839,-0.0099,0.1491,0.0045,0.9888,0.0000,0.0000,0.0000,0.0000,0.0000,0.0000,1.0000,0.1976,0.9075,0.1422,0.0271,0.2019,0.4170,0.8858
1768397036950,51,75.7809,-0.0033,1.1971,-0.2837,-0.0091,0.1492,0.0037,0.9888,0.0000,0.0000,0.0000,0.0000,0.0000,0.0000,1.0000,0.1949,0.8922,0.1417,0.0392,0.1945,0.4304,0.8806
1768397036992,52,75.8225,-0.0032,1.1965,-0.2835,-0.0096,0.1495,0.0015,0.9887,0.0000,0.0000,0.0000,0.0000,0.0000,0.0000,1.0000,0.1923,0.8788,0.1411,0.0544,0.1780,0.4429,0.8770
1768397037033,53,75.8647,-0.0034,1.1966,-0.2832,-0.0080,0.1490,0.0021,0.9888,0.0000,0.0000,0.0000,0.0000,0.0000,0.0000,1.0000,0.1909,0.8711,0.1405,0.0603,0.1736,0.4507,0.8735
1768397037076,54,75.9061,-0.0037,1.1964,-0.2829,-0.0084,0.1469,0.0030,0.9891,0.0000,0.0000,0.0000,0.0000,0.0000,0.0000,1.0000,0.1898,0.8675,0.1398,0.0610,0.1696,0.4625,0.8681
1768397037117,55,75.9477,-0.0046,1.1963,-0.2828,-0.0092,0.1473,0.0027,0.9891,0.0000,0.0000,0.0000,0.0000,0.0000,0.0000,1.0000,0.1884,0.8681,0.1393,0.0589,0.1621,0.4726,0.8642
1768397037158,56,75.9892,-0.0048,1.1968,-0.2825,-0.0081,0.1450,0.0044,0.9894,0.0000,0.0000,0.0000,0.0000,0.0000,0.0000,1.0000,0.1884,0.8751,0.1401,0.0519,0.1672,0.4697,0.8653
1768397037201,57,76.0315,-0.0054,1.1969,-0.2823,-0.0084,0.1439,0.0062,0.9895,0.0000,0.0000,0.0000,0.0000,0.0000,0.0000,1.0000,0.1880,0.8840,0.1409,0.0437,0.1673,0.4723,0.8643
1768397037243,58,76.0733,-0.0065,1.1969,-0.2828,-0.0083,0.1444,0.0060,0.9895,0.0000,0.0000,0.0000,0.0000,0.0000,0.0000,1.0000,0.1882,0.8988,0.1417,0.0279,0.1732,0.4715,0.8643
1768397037283,59,76.1142,-0.0070,1.1968,-0.2829,-0.0087,0.1436,0.0060,0.9896,0.0000,0.0000,0.0000,0.0000,0.0000,0.0000,1.0000,0.1887,0.9174,0.1425,0.0108,0.1796,0.4706,0.8638
1768397037325,60,76.1558,-0.0078,1.1965,-0.2835,-0.0090,0.1441,0.0064,0.9895,0.0000,0.0000,0.0000,0.0000,0.0000,0.0000,1.0000,0.1897,0.9424,0.1431,-0.0125,0.1885,0.4652,0.8648
1768397037367,61,76.1977,-0.0086,1.1965,-0.2839,-0.0095,0.1444,0.0059,0.9894,0.0000,0.0000,0.0000,0.0000,0.0000,0.0000,1.0000,0.1922,0.9704,0.1429,-0.0346,0.2037,0.4553,0.8660
1768397037408,62,76.2393,-0.0092,1.1965,-0.2845,-0.0111,0.1431,0.0069,0.9896,0.0000,0.0000,0.0000,0.0000,0.0000,0.0000,1.0000,0.1941,1.0001,0.1414,-0.0613,0.2133,0.4529,0.8635
1768397037450,63,76.2809,-0.0099,1.1967,-0.2848,-0.0104,0.1436,0.0069,0.9896,0.0000,0.0000,0.0000,0.0000,0.0000,0.0000,1.0000,0.1963,1.0325,0.1389,-0.0897,0.2262,0.4482,0.8602
1768397037491,64,76.3224,-0.0105,1.1965,-0.2850,-0.0119,0.1421,0.0058,0.9898,0.0000,0.0000,0.0000,0.0000,0.0000,0.0000,1.0000,0.1991,1.0664,0.1348,-0.1175,0.2418,0.4440,0.8548
1768397037534,65,76.3649,-0.0111,1.1966,-0.2850,-0.0109,0.1413,0.0056,0.9899,0.0000,0.0000,0.0000,0.0000,0.0000,0.0000,1.0000,0.2014,1.1012,0.1290,-0.1439,0.2543,0.4372,0.8506
1768397037576,66,76.4059,-0.0116,1.1967,-0.2848,-0.0123,0.1398,0.0067,0.9901,0.0000,0.0000,0.0000,0.0000,0.0000,0.0000,1.0000,0.2036,1.1374,0.1213,-0.1727,0.2723,0.4262,0.8452
1768397037617,67,76.4484,-0.0122,1.1970,-0.2849,-0.0124,0.1396,0.0077,0.9901,0.0000,0.0000,0.0000,0.0000,0.0000,0.0000,1.0000,0.2047,1.1733,0.1112,-0.2014,0.2869,0.4157,0.8393
1768397037658,68,76.4895,-0.0129,1.1972,-0.2850,-0.0121,0.1396,0.0093,0.9901,0.0000,0.0000,0.0000,0.0000,0.0000,0.0000,1.0000,0.2050,1.2080,0.0990,-0.2275,0.3004,0.3992,0.8358
1768397037700,69,76.5316,-0.0132,1.1971,-0.2849,-0.0115,0.1391,0.0088,0.9902,0.0000,0.0000,0.0000,0.0000,0.0000,0.0000,1.0000,0.2047,1.2399,0.0854,-0.2553,0.3136,0.3821,0.8310
1768397037742,70,76.5723,-0.0135,1.1969,-0.2850,-0.0114,0.1401,0.0090,0.9900,0.0000,0.0000,0.0000,0.0000,0.0000,0.0000,1.0000,0.2038,1.2677,0.0713,-0.2805,0.3238,0.3671,0.8256
1768397037783,71,76.6145,-0.0139,1.1968,-0.2852,-0.0113,0.1404,0.0091,0.9900,0.0000,0.0000,0.0000,0.0000,0.0000,0.0000,1.0000,0.2024,1.2906,0.0582,-0.3017,0.3300,0.3615,0.8182
1768397037825,72,76.6558,-0.0143,1.1966,-0.2852,-0.0126,0.1389,0.0089,0.9902,0.0000,0.0000,0.0000,0.0000,0.0000,0.0000,1.0000,0.2012,1.3099,0.0463,-0.3205,0.3371,0.3563,0.8104
1768397037867,73,76.6976,-0.0148,1.1967,-0.2856,-0.0138,0.1386,0.0104,0.9902,0.0000,0.0000,0.0000,0.0000,0.0000,0.0000,1.0000,0.2006,1.3256,0.0361,-0.3338,0.3432,0.3479,0.8061
1768397037908,74,76.7392,-0.0154,1.1972,-0.2861,-0.0129,0.1379,0.0110,0.9903,0.0000,0.0000,0.0000,0.0000,0.0000,0.0000,1.0000,0.2003,1.3365,0.0286,-0.3411,0.3461,0.3498,0.8009
1768397037950,75,76.7809,-0.0158,1.1971,-0.2864,-0.0147,0.1375,0.0103,0.9903,0.0000,0.0000,0.0000,0.0000,0.0000,0.0000,1.0000,0.2011,1.3448,0.0231,-0.3484,0.3512,0.3484,0.7962
1768397037991,76,76.8226,-0.0161,1.1972,-0.2869,-0.0149,0.1380,0.0102,0.9903,0.0000,0.0000,0.0000,0.0000,0.0000,0.0000,1.0000,0.2024,1.3504,0.0195,-0.3504,0.3535,0.3449,0.7958
1768397038034,77,76.8642,-0.0163,1.1971,-0.2874,-0.0156,0.1388,0.0090,0.9902,0.0000,0.0000,0.0000,0.0000,0.0000,0.0000,1.0000,0.2038,1.3533,0.0176,-0.3505,0.3553,0.3417,0.7963
1768397038076,78,76.9060,-0.0166,1.1972,-0.2878,-0.0157,0.1398,0.0102,0.9900,0.0000,0.0000,0.0000,0.0000,0.0000,0.0000,1.0000,0.2049,1.3530,0.0174,-0.3502,0.3569,0.3419,0.7957
1768397038117,79,76.9476,-0.0168,1.1974,-0.2880,-0.0155,0.1401,0.0109,0.9899,0.0000,0.0000,0.0000,0.0000,0.0000,0.0000,1.0000,0.2059,1.3509,0.0183,-0.3478,0.3572,0.3398,0.7975
1768397038158,80,76.9897,-0.0165,1.1975,-0.2880,-0.0155,0.1409,0.0121,0.9898,0.0000,0.0000,0.0000,0.0000,0.0000,0.0000,1.0000,0.2070,1.3437,0.0214,-0.3403,0.3546,0.3370,0.8030
1768397038201,81,77.0314,-0.0163,1.1973,-0.2879,-0.0152,0.1421,0.0125,0.9897,0.0000,0.0000,0.0000,0.0000,0.0000,0.0000,1.0000,0.2078,1.3332,0.0272,-0.3320,0.3504,0.3392,0.8074
1768397038241,82,77.0724,-0.0160,1.1970,-0.2877,-0.0141,0.1423,0.0118,0.9896,0.0000,0.0000,0.0000,0.0000,0.0000,0.0000,1.0000,0.2093,1.3193,0.0355,-0.3179,0.3472,0.3380,0.8150
1768397038284,83,77.1146,-0.0155,1.1969,-0.2875,-0.0127,0.1431,0.0118,0.9896,0.0000,0.0000,0.0000,0.0000,0.0000,0.0000,1.0000,0.2104,1.3006,0.0467,-0.3002,0.3419,0.3406,0.8228
1768397038326,84,77.1562,-0.0152,1.1966,-0.2875,-0.0137,0.1432,0.0124,0.9895,0.0000,0.0000,0.0000,0.0000,0.0000,0.0000,1.0000,0.2104,1.2767,0.0593,-0.2811,0.3296,0.3482,0.8313
1768397038367,85,77.1980,-0.0150,1.1966,-0.2877,-0.0118,0.1444,0.0130,0.9894,0.0000,0.0000,0.0000,0.0000,0.0000,0.0000,1.0000,0.2109,1.2496,0.0734,-0.2564,0.3259,0.3512,0.8395
1768397038412,86,77.2430,-0.0145,1.1962,-0.2878,-0.0130,0.1454,0.0103,0.9892,0.0000,0.0000,0.0000,0.0000,0.0000,0.0000,1.0000,0.2095,1.2178,0.0865,-0.2328,0.3115,0.3701,0.8437
1768397038451,87,77.2811,-0.0140,1.1960,-0.2879,-0.0120,0.1459,0.0106,0.9892,0.0000,0.0000,0.0000,0.0000,0.0000,0.0000,1.0000,0.2090,1.1857,0.0984,-0.2111,0.3086,0.3692,0.8508
1768397038493,88,77.3227,-0.0134,1.1961,-0.2879,-0.0128,0.1461,0.0096,0.9891,0.0000,0.0000,0.0000,0.0000,0.0000,0.0000,1.0000,0.2067,1.1486,0.1109,-0.1749,0.2910,0.3755,0.8624
1768397038534,89,77.3644,-0.0131,1.1962,-0.2878,-0.0124,0.1461,0.0095,0.9892,0.0000,0.0000,0.0000,0.0000,0.0000,0.0000,1.0000,0.2040,1.1106,0.1198,-0.1542,0.2754,0.3879,0.8660
1768397038576,90,77.4059,-0.0125,1.1962,-0.2876,-0.0117,0.1461,0.0101,0.9892,0.0000,0.0000,0.0000,0.0000,0.0000,0.0000,1.0000,0.2024,1.0726,0.1287,-0.1170,0.2700,0.3926,0.8714
1768397038616,91,77.4472,-0.0120,1.1959,-0.2873,-0.0117,0.1458,0.0088,0.9892,0.0000,0.0000,0.0000,0.0000,0.0000,0.0000,1.0000,0.1980,1.0342,0.1334,-0.0889,0.2412,0.4079,0.8761
1768397038659,92,77.4889,-0.0114,1.1955,-0.2869,-0.0110,0.1457,0.0077,0.9892,0.0000,0.0000,0.0000,0.0000,0.0000,0.0000,1.0000,0.1957,1.0007,0.1372,-0.0679,0.2353,0.4174,0.8751
1768397038700,93,77.5312,-0.0110,1.1951,-0.2864,-0.0104,0.1442,0.0065,0.9895,0.0000,0.0000,0.0000,0.0000,0.0000,0.0000,1.0000,0.1928,0.9696,0.1391,-0.0427,0.2200,0.4287,0.8752
1768397038743,94,77.5729,-0.0106,1.1950,-0.2861,-0.0100,0.1439,0.0063,0.9895,0.0000,0.0000,0.0000,0.0000,0.0000,0.0000,1.0000,0.1891,0.9421,0.1398,-0.0232,0.2071,0.4409,0.8730
1768397038783,95,77.6141,-0.0105,1.1947,-0.2856,-0.0103,0.1424,0.0049,0.9897,0.0000,0.0000,0.0000,0.0000,0.0000,0.0000,1.0000,0.1842,0.9197,0.1381,-0.0156,0.1873,0.4543,0.8708
1768397038825,96,77.6556,-0.0104,1.1946,-0.2851,-0.0101,0.1416,0.0050,0.9899,0.0000,0.0000,0.0000,0.0000,0.0000,0.0000,1.0000,0.1805,0.9055,0.1366,-0.0071,0.1765,0.4560,0.8723
1768397038867,97,77.6980,-0.0105,1.1946,-0.2846,-0.0085,0.1410,0.0042,0.9900,0.0000,0.0000,0.0000,0.0000,0.0000,0.0000,1.0000,0.1777,0.8945,0.1358,0.0024,0.1718,0.4582,0.8721
1768397038909,98,77.7397,-0.0103,1.1944,-0.2840,-0.0091,0.1393,0.0046,0.9902,0.0000,0.0000,0.0000,0.0000,0.0000,0.0000,1.0000,0.1747,0.8877,0.1343,0.0026,0.1629,0.4632,0.8711
1768397038950,99,77.7811,-0.0105,1.1944,-0.2837,-0.0083,0.1386,0.0055,0.9903,0.0000,0.0000,0.0000,0.0000,0.0000,0.0000,1.0000,0.1731,0.8840,0.1340,0.0076,0.1631,0.4602,0.8727
1768397038992,100,77.8223,-0.0106,1.1943,-0.2835,-0.0081,0.1386,0.0054,0.9903,0.0000,0.0000,0.0000,0.0000,0.0000,0.0000,1.0000,0.1714,0.8813,0.1334,0.0080,0.1547,0.4704,0.8687
1768397039033,101,77.8640,-0.0107,1.1943,-0.2834,-0.0079,0.1377,0.0058,0.9904,0.0000,0.0000,0.0000,0.0000,0.0000,0.0000,1.0000,0.1706,0.8819,0.1333,0.0082,0.1517,0.4727,0.8680
1768397039075,102,77.9059,-0.0111,1.1942,-0.2837,-0.0077,0.1382,0.0064,0.9904,0.0000,0.0000,0.0000,0.0000,0.0000,0.0000,1.0000,0.1710,0.8861,0.1343,0.0043,0.1549,0.4741,0.8667
1768397039116,103,77.9475,-0.0115,1.1942,-0.2840,-0.0079,0.1383,0.0062,0.9903,0.0000,0.0000,0.0000,0.0000,0.0000,0.0000,1.0000,0.1717,0.8944,0.1354,-0.0002,0.1552,0.4750,0.8662
1768397039159,104,77.9891,-0.0118,1.1945,-0.2844,-0.0086,0.1379,0.0058,0.9904,0.0000,0.0000,0.0000,0.0000,0.0000,0.0000,1.0000,0.1732,0.9077,0.1372,-0.0111,0.1630,0.4723,0.8661
1768397039200,105,78.0310,-0.0124,1.1948,-0.2849,-0.0088,0.1375,0.0067,0.9904,0.0000,0.0000,0.0000,0.0000,0.0000,0.0000,1.0000,0.1747,0.9255,0.1386,-0.0259,0.1695,0.4734,0.8640
1768397039242,106,78.0732,-0.0127,1.1953,-0.2854,-0.0106,0.1362,0.0068,0.9906,0.0000,0.0000,0.0000,0.0000,0.0000,0.0000,1.0000,0.1760,0.9503,0.1394,-0.0464,0.1779,0.4674,0.8647
1768397039283,107,78.1143,-0.0133,1.1958,-0.2859,-0.0115,0.1366,0.0078,0.9905,0.0000,0.0000,0.0000,0.0000,0.0000,0.0000,1.0000,0.1786,0.9837,0.1398,-0.0707,0.1933,0.4543,0.8667
1768397039325,108,78.1556,-0.0137,1.1961,-0.2864,-0.0117,0.1358,0.0080,0.9906,0.0000,0.0000,0.0000,0.0000,0.0000,0.0000,1.0000,0.1817,1.0221,0.1386,-0.1016,0.2135,0.4403,0.8661
1768397039367,109,78.1974,-0.0139,1.1963,-0.2868,-0.0125,0.1363,0.0080,0.9906,0.0000,0.0000,0.0000,0.0000,0.0000,0.0000,1.0000,0.1844,1.0625,0.1348,-0.1342,0.2308,0.4299,0.8625
1768397039409,110,78.2390,-0.0142,1.1962,-0.2870,-0.0131,0.1359,0.0076,0.9906,0.0000,0.0000,0.0000,0.0000,0.0000,0.0000,1.0000,0.1863,1.1038,0.1275,-0.1675,0.2477,0.4172,0.8582
1768397039450,111,78.2817,-0.0145,1.1962,-0.2873,-0.0134,0.1361,0.0079,0.9906,0.0000,0.0000,0.0000,0.0000,0.0000,0.0000,1.0000,0.1876,1.1455,0.1170,-0.2030,0.2653,0.4013,0.8528
1768397039491,112,78.3224,-0.0152,1.1963,-0.2876,-0.0129,0.1368,0.0086,0.9905,0.0000,0.0000,0.0000,0.0000,0.0000,0.0000,1.0000,0.1885,1.1862,0.1031,-0.2386,0.2819,0.3808,0.8477
1768397039535,113,78.3646,-0.0157,1.1961,-0.2876,-0.0141,0.1354,0.0098,0.9906,0.0000,0.0000,0.0000,0.0000,0.0000,0.0000,1.0000,0.1884,1.2230,0.0866,-0.2711,0.2940,0.3609,0.8425
1768397039575,114,78.4057,-0.0163,1.1961,-0.2877,-0.0143,0.1365,0.0112,0.9905,0.0000,0.0000,0.0000,0.0000,0.0000,0.0000,1.0000,0.1883,1.2556,0.0695,-0.3033,0.3049,0.3416,0.8357
1768397039617,115,78.4474,-0.0166,1.1960,-0.2877,-0.0131,0.1360,0.0112,0.9906,0.0000,0.0000,0.0000,0.0000,0.0000,0.0000,1.0000,0.1880,1.2829,0.0529,-0.3294,0.3138,0.3268,0.8284
1768397039659,116,78.4892,-0.0170,1.1956,-0.2878,-0.0136,0.1355,0.0113,0.9906,0.0000,0.0000,0.0000,0.0000,0.0000,0.0000,1.0000,0.1873,1.3053,0.0372,-0.3491,0.3195,0.3176,0.8217
1768397039700,117,78.5306,-0.0174,1.1956,-0.2880,-0.0131,0.1351,0.0109,0.9907,0.0000,0.0000,0.0000,0.0000,0.0000,0.0000,1.0000,0.1863,1.3241,0.0228,-0.3707,0.3254,0.3123,0.8119
1768397039741,118,78.5724,-0.0177,1.1958,-0.2881,-0.0138,0.1333,0.0116,0.9909,0.0000,0.0000,0.0000,0.0000,0.0000,0.0000,1.0000,0.1861,1.3390,0.0101,-0.3859,0.3310,0.3045,0.8055
1768397039784,119,78.6147,-0.0182,1.1961,-0.2886,-0.0147,0.1334,0.0125,0.9909,0.0000,0.0000,0.0000,0.0000,0.0000,0.0000,1.0000,0.1863,1.3508,-0.0006,-0.3972,0.3350,0.2972,0.8010
1768397039826,120,78.6560,-0.0186,1.1961,-0.2892,-0.0151,0.1338,0.0121,0.9908,0.0000,0.0000,0.0000,0.0000,0.0000,0.0000,1.0000,0.1860,1.3593,-0.0091,-0.4072,0.3385,0.2942,0.7956
1768397039866,121,78.6973,-0.0190,1.1962,-0.2900,-0.0151,0.1349,0.0124,0.9907,0.0000,0.0000,0.0000,0.0000,0.0000,0.0000,1.0000,0.1859,1.3650,-0.0156,-0.4139,0.3400,0.2909,0.7927
1768397039908,122,78.7389,-0.0193,1.1960,-0.2908,-0.0168,0.1354,0.0109,0.9906,0.0000,0.0000,0.0000,0.0000,0.0000,0.0000,1.0000,0.1861,1.3680,-0.0199,-0.4176,0.3415,0.2887,0.7910
1768397039950,123,78.7805,-0.0198,1.1960,-0.2917,-0.0167,0.1372,0.0109,0.9903,0.0000,0.0000,0.0000,0.0000,0.0000,0.0000,1.0000,0.1862,1.3691,-0.0226,-0.4223,0.3438,0.2877,0.7878
1768397039992,124,78.8224,-0.0200,1.1959,-0.2923,-0.0176,0.1373,0.0116,0.9903,0.0000,0.0000,0.0000,0.0000,0.0000,0.0000,1.0000,0.1868,1.3682,-0.0230,-0.4227,0.3457,0.2871,0.7870
1768397040035,125,78.8651,-0.0202,1.1957,-0.2925,-0.0175,0.1373,0.0115,0.9903,0.0000,0.0000,0.0000,0.0000,0.0000,0.0000,1.0000,0.1875,1.3662,-0.0222,-0.4228,0.3478,0.2859,0.7864
1768397040075,126,78.9057,-0.0201,1.1958,-0.2925,-0.0172,0.1369,0.0116,0.9904,0.0000,0.0000,0.0000,0.0000,0.0000,0.0000,1.0000,0.1884,1.3621,-0.0197,-0.4201,0.3488,0.2883,0.7866
1768397040117,127,78.9474,-0.0201,1.1959,-0.2927,-0.0173,0.1369,0.0121,0.9904,0.0000,0.0000,0.0000,0.0000,0.0000,0.0000,1.0000,0.1901,1.3546,-0.0143,-0.4104,0.3466,0.2873,0.7930
1768397040157,128,78.9889,-0.0201,1.1960,-0.2928,-0.0170,0.1372,0.0130,0.9903,0.0000,0.0000,0.0000,0.0000,0.0000,0.0000,1.0000,0.1911,1.3455,-0.0075,-0.4037,0.3462,0.2904,0.7955
1768397040200,129,79.0308,-0.0201,1.1959,-0.2930,-0.0171,0.1371,0.0126,0.9903,0.0000,0.0000,0.0000,0.0000,0.0000,0.0000,1.0000,0.1921,1.3331,0.0004,-0.3927,0.3443,0.2882,0.8026
1768397040241,130,79.0727,-0.0201,1.1957,-0.2933,-0.0176,0.1379,0.0128,0.9902,0.0000,0.0000,0.0000,0.0000,0.0000,0.0000,1.0000,0.1923,1.3165,0.0099,-0.3808,0.3369,0.2963,0.8085
1768397040283,131,79.1141,-0.0201,1.1955,-0.2934,-0.0167,0.1379,0.0128,0.9902,0.0000,0.0000,0.0000,0.0000,0.0000,0.0000,1.0000,0.1930,1.2969,0.0214,-0.3613,0.3364,0.2955,0.8179
1768397040326,132,79.1560,-0.0198,1.1953,-0.2933,-0.0169,0.1383,0.0140,0.9901,0.0000,0.0000,0.0000,0.0000,0.0000,0.0000,1.0000,0.1902,1.2717,0.0355,-0.3469,0.3199,0.3195,0.8217
1768397040367,133,79.1979,-0.0197,1.1947,-0.2931,-0.0157,0.1380,0.0115,0.9902,0.0000,0.0000,0.0000,0.0000,0.0000,0.0000,1.0000,0.1893,1.2477,0.0462,-0.3331,0.3124,0.3277,0.8271
1768397040407,134,79.2390,-0.0197,1.1947,-0.2926,-0.0168,0.1382,0.0116,0.9902,0.0000,0.0000,0.0000,0.0000,0.0000,0.0000,1.0000,0.1879,1.2220,0.0578,-0.3107,0.3004,0.3331,0.8380
1768397040452,135,79.2816,-0.0195,1.1955,-0.2920,-0.0163,0.1366,0.0128,0.9904,0.0000,0.0000,0.0000,0.0000,0.0000,0.0000,1.0000,0.1868,1.1954,0.0677,-0.2906,0.2874,0.3426,0.8459
1768397040493,136,79.3229,-0.0196,1.1963,-0.2916,-0.0174,0.1350,0.0150,0.9906,0.0000,0.0000,0.0000,0.0000,0.0000,0.0000,1.0000,0.1861,1.1679,0.0792,-0.2649,0.2840,0.3444,0.8547
1768397040534,137,79.3641,-0.0197,1.1969,-0.2911,-0.0162,0.1337,0.0147,0.9908,0.0000,0.0000,0.0000,0.0000,0.0000,0.0000,1.0000,0.1835,1.1357,0.0892,-0.2396,0.2652,0.3703,0.8574
1768397040576,138,79.4060,-0.0196,1.1969,-0.2905,-0.0166,0.1321,0.0146,0.9910,0.0000,0.0000,0.0000,0.0000,0.0000,0.0000,1.0000,0.1813,1.1040,0.0981,-0.2138,0.2554,0.3800,0.8629
1768397040617,139,79.4475,-0.0195,1.1963,-0.2897,-0.0166,0.1310,0.0118,0.9912,0.0000,0.0000,0.0000,0.0000,0.0000,0.0000,1.0000,0.1780,1.0702,0.1050,-0.1911,0.2354,0.4044,0.8629
1768397040657,140,79.4888,-0.0194,1.1960,-0.2888,-0.0153,0.1290,0.0122,0.9915,0.0000,0.0000,0.0000,0.0000,0.0000,0.0000,1.0000,0.1757,1.0399,0.1096,-0.1722,0.2171,0.4226,0.8629
1768397040700,141,79.5307,-0.0194,1.1959,-0.2880,-0.0153,0.1278,0.0121,0.9916,0.0000,0.0000,0.0000,0.0000,0.0000,0.0000,1.0000,0.1751,1.0116,0.1141,-0.1485,0.2134,0.4252,0.8669
1768397040741,142,79.5725,-0.0194,1.1961,-0.2872,-0.0142,0.1257,0.0131,0.9919,0.0000,0.0000,0.0000,0.0000,0.0000,0.0000,1.0000,0.1735,0.9823,0.1165,-0.1278,0.1905,0.4490,0.8636
1768397040783,143,79.6141,-0.0195,1.1962,-0.2867,-0.0141,0.1234,0.0149,0.9921,0.0000,0.0000,0.0000,0.0000,0.0000,0.0000,1.0000,0.1738,0.9587,0.1182,-0.1117,0.1879,0.4479,0.8669
1768397040825,144,79.6555,-0.0196,1.1962,-0.2866,-0.0136,0.1239,0.0135,0.9921,0.0000,0.0000,0.0000,0.0000,0.0000,0.0000,1.0000,0.1729,0.9372,0.1191,-0.0890,0.1730,0.4569,0.8680
1768397040867,145,79.6979,-0.0196,1.1959,-0.2865,-0.0148,0.1232,0.0124,0.9922,0.0000,0.0000,0.0000,0.0000,0.0000,0.0000,1.0000,0.1731,0.9204,0.1192,-0.0760,0.1695,0.4599,0.8683
1768397040908,146,79.7393,-0.0195,1.1962,-0.2867,-0.0145,0.1231,0.0143,0.9922,0.0000,0.0000,0.0000,0.0000,0.0000,0.0000,1.0000,0.1722,0.9061,0.1191,-0.0622,0.1637,0.4654,0.8676
1768397040950,147,79.7808,-0.0197,1.1963,-0.2867,-0.0149,0.1231,0.0139,0.9922,0.0000,0.0000,0.0000,0.0000,0.0000,0.0000,1.0000,0.1703,0.8946,0.1172,-0.0544,0.1535,0.4729,0.8659
1768397040991,148,79.8224,-0.0196,1.1964,-0.2868,-0.0153,0.1229,0.0148,0.9922,0.0000,0.0000,0.0000,0.0000,0.0000,0.0000,1.0000,0.1691,0.8876,0.1159,-0.0484,0.1511,0.4744,0.8659
1768397041033,149,79.8645,-0.0196,1.1963,-0.2868,-0.0154,0.1235,0.0149,0.9921,0.0000,0.0000,0.0000,0.0000,0.0000,0.0000,1.0000,0.1678,0.8813,0.1143,-0.0444,0.1477,0.4772,0.8652
1768397041076,150,79.9058,-0.0197,1.1963,-0.2868,-0.0150,0.1244,0.0148,0.9920,0.0000,0.0000,0.0000,0.0000,0.0000,0.0000,1.0000,0.1666,0.8762,0.1130,-0.0417,0.1424,0.4786,0.8654
1768397041117,151,79.9480,-0.0195,1.1965,-0.2869,-0.0135,0.1235,0.0160,0.9921,0.0000,0.0000,0.0000,0.0000,0.0000,0.0000,1.0000,0.1667,0.8728,0.1126,-0.0353,0.1437,0.4759,0.8670
1768397041159,152,79.9892,-0.0193,1.1962,-0.2873,-0.0141,0.1248,0.0157,0.9920,0.0000,0.0000,0.0000,0.0000,0.0000,0.0000,1.0000,0.1671,0.8702,0.1126,-0.0316,0.1418,0.4768,0.8669
1768397041200,153,80.0311,-0.0195,1.1961,-0.2882,-0.0143,0.1276,0.0142,0.9916,0.0000,0.0000,0.0000,0.0000,0.0000,0.0000,1.0000,0.1674,0.8700,0.1126,-0.0302,0.1401,0.4779,0.8666
1768397041242,154,80.0723,-0.0195,1.1963,-0.2891,-0.0154,0.1274,0.0152,0.9916,0.0000,0.0000,0.0000,0.0000,0.0000,0.0000,1.0000,0.1684,0.8722,0.1127,-0.0323,0.1432,0.4775,0.8663
1768397041284,155,80.1143,-0.0201,1.1966,-0.2904,-0.0167,0.1308,0.0157,0.9911,0.0000,0.0000,0.0000,0.0000,0.0000,0.0000,1.0000,0.1703,0.8796,0.1126,-0.0345,0.1480,0.4725,0.8681
1768397041325,156,80.1557,-0.0199,1.1972,-0.2909,-0.0178,0.1309,0.0153,0.9911,0.0000,0.0000,0.0000,0.0000,0.0000,0.0000,1.0000,0.1721,0.8913,0.1122,-0.0438,0.1528,0.4679,0.8694
1768397041367,157,80.1982,-0.0202,1.1980,-0.2916,-0.0187,0.1305,0.0178,0.9911,0.0000,0.0000,0.0000,0.0000,0.0000,0.0000,1.0000,0.1751,0.9081,0.1116,-0.0568,0.1613,0.4611,0.8707
1768397041409,158,80.2394,-0.0208,1.1981,-0.2922,-0.0190,0.1317,0.0178,0.9909,0.0000,0.0000,0.0000,0.0000,0.0000,0.0000,1.0000,0.1793,0.9320,0.1106,-0.0756,0.1722,0.4494,0.8733
1768397041450,159,80.2811,-0.0209,1.1983,-0.2927,-0.0198,0.1311,0.0178,0.9910,0.0000,0.0000,0.0000,0.0000,0.0000,0.0000,1.0000,0.1857,0.9633,0.1092,-0.1003,0.1917,0.4339,0.8746
1768397041492,160,80.3223,-0.0210,1.1983,-0.2931,-0.0196,0.1308,0.0185,0.9910,0.0000,0.0000,0.0000,0.0000,0.0000,0.0000,1.0000,0.1935,0.9996,0.1062,-0.1275,0.2136,0.4166,0.8744
1768397041534,161,80.3643,-0.0216,1.1983,-0.2939,-0.0204,0.1319,0.0178,0.9909,0.0000,0.0000,0.0000,0.0000,0.0000,0.0000,1.0000,0.2017,1.0388,0.1005,-0.1574,0.2345,0.4005,0.8717
1768397041575,162,80.4055,-0.0221,1.1983,-0.2947,-0.0215,0.1317,0.0180,0.9909,0.0000,0.0000,0.0000,0.0000,0.0000,0.0000,1.0000,0.2107,1.0792,0.0925,-0.1872,0.2560,0.3831,0.8676
1768397041617,163,80.4474,-0.0228,1.1987,-0.2956,-0.0222,0.1319,0.0200,0.9908,0.0000,0.0000,0.0000,0.0000,0.0000,0.0000,1.0000,0.2204,1.1193,0.0823,-0.2175,0.2793,0.3689,0.8595
1768397041659,164,80.4892,-0.0234,1.1989,-0.2963,-0.0228,0.1323,0.0193,0.9908,0.0000,0.0000,0.0000,0.0000,0.0000,0.0000,1.0000,0.2302,1.1580,0.0705,-0.2462,0.3037,0.3540,0.8496
1768397041701,165,80.5312,-0.0240,1.1994,-0.2972,-0.0240,0.1321,0.0212,0.9907,0.0000,0.0000,0.0000,0.0000,0.0000,0.0000,1.0000,0.2385,1.1942,0.0571,-0.2721,0.3253,0.3434,0.8380
1768397041741,166,80.5726,-0.0248,1.1996,-0.2981,-0.0242,0.1339,0.0222,0.9905,0.0000,0.0000,0.0000,0.0000,0.0000,0.0000,1.0000,0.2443,1.2275,0.0419,-0.3013,0.3410,0.3352,0.8250
1768397041784,167,80.6142,-0.0253,1.1996,-0.2987,-0.0260,0.1344,0.0211,0.9904,0.0000,0.0000,0.0000,0.0000,0.0000,0.0000,1.0000,0.2494,1.2595,0.0251,-0.3273,0.3579,0.3207,0.8136
1768397041825,168,80.6558,-0.0258,1.1999,-0.2994,-0.0260,0.1340,0.0232,0.9904,0.0000,0.0000,0.0000,0.0000,0.0000,0.0000,1.0000,0.2527,1.2886,0.0071,-0.3527,0.3708,0.3100,0.8013
1768397041867,169,80.6979,-0.0263,1.2000,-0.2997,-0.0270,0.1341,0.0231,0.9903,0.0000,0.0000,0.0000,0.0000,0.0000,0.0000,1.0000,0.2551,1.3153,-0.0118,-0.3782,0.3841,0.2956,0.7887
1768397041907,170,80.7389,-0.0268,1.2002,-0.2999,-0.0267,0.1334,0.0239,0.9904,0.0000,0.0000,0.0000,0.0000,0.0000,0.0000,1.0000,0.2558,1.3371,-0.0292,-0.3983,0.3953,0.2849,0.7771
1768397041950,171,80.7808,-0.0271,1.2004,-0.3005,-0.0275,0.1329,0.0259,0.9904,0.0000,0.0000,0.0000,0.0000,0.0000,0.0000,1.0000,0.2546,1.3542,-0.0446,-0.4147,0.3993,0.2825,0.7673
1768397041992,172,80.8226,-0.0279,1.2004,-0.3012,-0.0277,0.1340,0.0248,0.9903,0.0000,0.0000,0.0000,0.0000,0.0000,0.0000,1.0000,0.2526,1.3676,-0.0591,-0.4319,0.4028,0.2774,0.7578
1768397042033,173,80.8641,-0.0282,1.2001,-0.3019,-0.0298,0.1341,0.0249,0.9902,0.0000,0.0000,0.0000,0.0000,0.0000,0.0000,1.0000,0.2506,1.3789,-0.0726,-0.4453,0.4068,0.2737,0.7492
1768397042076,174,80.9058,-0.0288,1.2001,-0.3031,-0.0301,0.1353,0.0250,0.9900,0.0000,0.0000,0.0000,0.0000,0.0000,0.0000,1.0000,0.2485,1.3872,-0.0842,-0.4588,0.4084,0.2728,0.7405
1768397042117,175,80.9478,-0.0295,1.2002,-0.3043,-0.0312,0.1376,0.0249,0.9897,0.0000,0.0000,0.0000,0.0000,0.0000,0.0000,1.0000,0.2476,1.3940,-0.0945,-0.4696,0.4117,0.2665,0.7341
1768397042159,176,80.9890,-0.0299,1.2003,-0.3054,-0.0322,0.1384,0.0257,0.9895,0.0000,0.0000,0.0000,0.0000,0.0000,0.0000,1.0000,0.2479,1.3988,-0.1023,-0.4750,0.4157,0.2595,0.7309
1768397042201,177,81.0310,-0.0304,1.2006,-0.3065,-0.0324,0.1396,0.0260,0.9893,0.0000,0.0000,0.0000,0.0000,0.0000,0.0000,1.0000,0.2490,1.4021,-0.1082,-0.4802,0.4191,0.2535,0.7277
1768397042242,178,81.0726,-0.0308,1.2004,-0.3075,-0.0335,0.1407,0.0260,0.9891,0.0000,0.0000,0.0000,0.0000,0.0000,0.0000,1.0000,0.2508,1.4038,-0.1122,-0.4835,0.4230,0.2446,0.7263
1768397042283,179,81.1147,-0.0309,1.2003,-0.3081,-0.0345,0.1405,0.0258,0.9892,0.0000,0.0000,0.0000,0.0000,0.0000,0.0000,1.0000,0.2529,1.4039,-0.1145,-0.4842,0.4274,0.2384,0.7253
1768397042325,180,81.1557,-0.0313,1.2001,-0.3087,-0.0353,0.1404,0.0251,0.9891,0.0000,0.0000,0.0000,0.0000,0.0000,0.0000,1.0000,0.2551,1.4018,-0.1151,-0.4830,0.4312,0.2323,0.7258
1768397042367,181,81.1976,-0.0317,1.1997,-0.3090,-0.0387,0.1390,0.0253,0.9892,0.0000,0.0000,0.0000,0.0000,0.0000,0.0000,1.0000,0.2570,1.3984,-0.1143,-0.4826,0.4339,0.2249,0.7268
1768397042408,182,81.2395,-0.0315,1.2005,-0.3092,-0.0370,0.1387,0.0274,0.9893,0.0000,0.0000,0.0000,0.0000,0.0000,0.0000,1.0000,0.2588,1.3930,-0.1116,-0.4800,0.4341,0.2199,0.7300
1768397042450,183,81.2808,-0.0316,1.2008,-0.3096,-0.0369,0.1401,0.0285,0.9890,0.0000,0.0000,0.0000,0.0000,0.0000,0.0000,1.0000,0.2610,1.3862,-0.1075,-0.4779,0.4353,0.2141,0.7323
1768397042492,184,81.3227,-0.0313,1.2008,-0.3099,-0.0372,0.1415,0.0274,0.9889,0.0000,0.0000,0.0000,0.0000,0.0000,0.0000,1.0000,0.2640,1.3778,-0.1008,-0.4726,0.4357,0.2055,0.7380
1768397042533,185,81.3644,-0.0306,1.2008,-0.3099,-0.0371,0.1417,0.0276,0.9888,0.0000,0.0000,0.0000,0.0000,0.0000,0.0000,1.0000,0.2687,1.3669,-0.0924,-0.4632,0.4360,0.1966,0.7461
1768397042575,186,81.4057,-0.0301,1.2008,-0.3099,-0.0375,0.1425,0.0280,0.9887,0.0000,0.0000,0.0000,0.0000,0.0000,0.0000,1.0000,0.2746,1.3548,-0.0810,-0.4544,0.4420,0.1833,0.7514
1768397042617,187,81.4475,-0.0296,1.2008,-0.3100,-0.0368,0.1426,0.0266,0.9887,0.0000,0.0000,0.0000,0.0000,0.0000,0.0000,1.0000,0.2800,1.3390,-0.0665,-0.4376,0.4396,0.1676,0.7663
1768397042659,188,81.4890,-0.0290,1.2009,-0.3099,-0.0368,0.1420,0.0271,0.9888,0.0000,0.0000,0.0000,0.0000,0.0000,0.0000,1.0000,0.2851,1.3193,-0.0493,-0.4174,0.4401,0.1569,0.7794
1768397042701,189,81.5309,-0.0286,1.2010,-0.3099,-0.0367,0.1423,0.0269,0.9888,0.0000,0.0000,0.0000,0.0000,0.0000,0.0000,1.0000,0.2907,1.2956,-0.0291,-0.3920,0.4449,0.1557,0.7900
1768397042745,190,81.5754,-0.0281,1.2009,-0.3096,-0.0372,0.1406,0.0251,0.9890,0.0000,0.0000,0.0000,0.0000,0.0000,0.0000,1.0000,0.2946,1.2675,-0.0071,-0.3582,0.4449,0.1518,0.8066
1768397042784,191,81.6141,-0.0275,1.2012,-0.3095,-0.0373,0.1393,0.0246,0.9892,0.0000,0.0000,0.0000,0.0000,0.0000,0.0000,1.0000,0.2958,1.2347,0.0155,-0.3283,0.4436,0.1626,0.8179
1768397042826,192,81.6561,-0.0276,1.2014,-0.3095,-0.0381,0.1391,0.0237,0.9893,0.0000,0.0000,0.0000,0.0000,0.0000,0.0000,1.0000,0.2957,1.1986,0.0371,-0.2927,0.4326,0.1805,0.8335
1768397042867,193,81.6979,-0.0273,1.2017,-0.3095,-0.0377,0.1376,0.0233,0.9895,0.0000,0.0000,0.0000,0.0000,0.0000,0.0000,1.0000,0.2947,1.1616,0.0563,-0.2536,0.4223,0.1864,0.8501
1768397042907,194,81.7388,-0.0272,1.2016,-0.3092,-0.0378,0.1367,0.0214,0.9897,0.0000,0.0000,0.0000,0.0000,0.0000,0.0000,1.0000,0.2916,1.1216,0.0751,-0.2075,0.4072,0.1962,0.8675
1768397042950,195,81.7807,-0.0269,1.2017,-0.3091,-0.0386,0.1357,0.0195,0.9898,0.0000,0.0000,0.0000,0.0000,0.0000,0.0000,1.0000,0.2854,1.0810,0.0896,-0.1725,0.3857,0.2307,0.8765
1768397042991,196,81.8222,-0.0269,1.2019,-0.3087,-0.0386,0.1343,0.0196,0.9900,0.0000,0.0000,0.0000,0.0000,0.0000,0.0000,1.0000,0.2785,1.0426,0.0997,-0.1297,0.3735,0.2559,0.8822
1768397043033,197,81.8642,-0.0267,1.2024,-0.3081,-0.0388,0.1323,0.0204,0.9902,0.0000,0.0000,0.0000,0.0000,0.0000,0.0000,1.0000,0.2678,1.0058,0.1073,-0.0947,0.3350,0.2998,0.8882
1768397043076,198,81.9063,-0.0267,1.2025,-0.3073,-0.0384,0.1315,0.0190,0.9904,0.0000,0.0000,0.0000,0.0000,0.0000,0.0000,1.0000,0.2585,0.9740,0.1107,-0.0640,0.3063,0.3242,0.8927
1768397043117,199,81.9476,-0.0266,1.2025,-0.3063,-0.0388,0.1300,0.0190,0.9906,0.0000,0.0000,0.0000,0.0000,0.0000,0.0000,1.0000,0.2512,0.9498,0.1124,-0.0490,0.2980,0.3418,0.8899
1768397043159,200,81.9888,-0.0265,1.2023,-0.3052,-0.0378,0.1296,0.0192,0.9907,0.0000,0.0000,0.0000,0.0000,0.0000,0.0000,1.0000,0.2416,0.9283,0.1132,-0.0250,0.2682,0.3595,0.8934
1768397043200,201,82.0307,-0.0262,1.2018,-0.3039,-0.0372,0.1275,0.0176,0.9910,0.0000,0.0000,0.0000,0.0000,0.0000,0.0000,1.0000,0.2334,0.9117,0.1122,-0.0074,0.2409,0.3755,0.8949
1768397043241,202,82.0723,-0.0262,1.2018,-0.3027,-0.0356,0.1257,0.0185,0.9913,0.0000,0.0000,0.0000,0.0000,0.0000,0.0000,1.0000,0.2271,0.8996,0.1120,0.0012,0.2259,0.3899,0.8927
1768397043283,203,82.1141,-0.0261,1.2017,-0.3017,-0.0350,0.1245,0.0192,0.9914,0.0000,0.0000,0.0000,0.0000,0.0000,0.0000,1.0000,0.2213,0.8889,0.1107,0.0144,0.2032,0.4048,0.8914
1768397043326,204,82.1558,-0.0262,1.2013,-0.3008,-0.0337,0.1235,0.0192,0.9916,0.0000,0.0000,0.0000,0.0000,0.0000,0.0000,1.0000,0.2171,0.8829,0.1094,0.0229,0.1796,0.4162,0.8911
1768397043367,205,82.1981,-0.0261,1.2011,-0.3002,-0.0329,0.1233,0.0190,0.9916,0.0000,0.0000,0.0000,0.0000,0.0000,0.0000,1.0000,0.2150,0.8797,0.1087,0.0277,0.1706,0.4222,0.8899
1768397043409,206,82.2393,-0.0264,1.2007,-0.3001,-0.0326,0.1249,0.0176,0.9915,0.0000,0.0000,0.0000,0.0000,0.0000,0.0000,1.0000,0.2134,0.8765,0.1080,0.0388,0.1608,0.4299,0.8876
1768397043450,207,82.2809,-0.0264,1.2005,-0.3002,-0.0324,0.1255,0.0176,0.9914,0.0000,0.0000,0.0000,0.0000,0.0000,0.0000,1.0000,0.2114,0.8732,0.1053,0.0523,0.1370,0.4431,0.8844
1768397043492,208,82.3224,-0.0266,1.2001,-0.3006,-0.0326,0.1275,0.0167,0.9912,0.0000,0.0000,0.0000,0.0000,0.0000,0.0000,1.0000,0.2088,0.8712,0.1008,0.0595,0.1066,0.4613,0.8788
1768397043533,209,82.3642,-0.0269,1.2001,-0.3013,-0.0326,0.1293,0.0170,0.9909,0.0000,0.0000,0.0000,0.0000,0.0000,0.0000,1.0000,0.2062,0.8720,0.0954,0.0573,0.0723,0.4810,0.8719
1768397043575,210,82.4059,-0.0274,1.2003,-0.3022,-0.0338,0.1303,0.0175,0.9907,0.0000,0.0000,0.0000,0.0000,0.0000,0.0000,1.0000,0.2022,0.8755,0.0862,0.0451,0.0124,0.5070,0.8607
1768397043618,211,82.4480,-0.0280,1.2005,-0.3027,-0.0348,0.1295,0.0169,0.9908,0.0000,0.0000,0.0000,0.0000,0.0000,0.0000,1.0000,0.1969,0.8807,0.0730,0.0201,-0.0520,0.5374,0.8415
1768397043658,212,82.4889,-0.0285,1.2008,-0.3029,-0.0362,0.1284,0.0163,0.9909,0.0000,0.0000,0.0000,0.0000,0.0000,0.0000,1.0000,0.1929,0.8898,0.0583,0.0237,-0.1140,0.5450,0.8303
1768397043700,213,82.5309,-0.0286,1.2014,-0.3030,-0.0365,0.1260,0.0169,0.9912,0.0000,0.0000,0.0000,0.0000,0.0000,0.0000,1.0000,0.1920,0.9040,0.0461,0.0425,-0.1426,0.5489,0.8225
1768397043742,214,82.5721,-0.0290,1.2019,-0.3036,-0.0375,0.1264,0.0180,0.9911,0.0000,0.0000,0.0000,0.0000,0.0000,0.0000,1.0000,0.1915,0.9231,0.0363,0.0243,-0.1629,0.5725,0.8032
1768397043783,215,82.6146,-0.0295,1.2022,-0.3048,-0.0380,0.1280,0.0192,0.9909,0.0000,0.0000,0.0000,0.0000,0.0000,0.0000,1.0000,0.1923,0.9520,0.0329,-0.0060,-0.1466,0.5879,0.7956
1768397043825,216,82.6555,-0.0296,1.2023,-0.3059,-0.0376,0.1295,0.0205,0.9907,0.0000,0.0000,0.0000,0.0000,0.0000,0.0000,1.0000,0.1928,0.9881,0.0307,-0.0444,-0.1150,0.5911,0.7971
1768397043866,217,82.6970,-0.0297,1.2022,-0.3073,-0.0382,0.1354,0.0217,0.9898,0.0000,0.0000,0.0000,0.0000,0.0000,0.0000,1.0000,0.1917,1.0301,0.0264,-0.1067,-0.0808,0.5878,0.7978
1768397043909,218,82.7388,-0.0291,1.2021,-0.3086,-0.0378,0.1384,0.0201,0.9895,0.0000,0.0000,0.0000,0.0000,0.0000,0.0000,1.0000,0.1887,1.0761,0.0191,-0.1843,-0.0482,0.5696,0.7995
1768397043950,219,82.7809,-0.0288,1.2027,-0.3102,-0.0390,0.1432,0.0214,0.9887,0.0000,0.0000,0.0000,0.0000,0.0000,0.0000,1.0000,0.1857,1.1253,0.0077,-0.2520,-0.0016,0.5408,0.8025
1768397043992,220,82.8222,-0.0282,1.2029,-0.3112,-0.0398,0.1456,0.0221,0.9883,0.0000,0.0000,0.0000,0.0000,0.0000,0.0000,1.0000,0.1828,1.1757,-0.0071,-0.3263,0.0533,0.4978,0.8018
1768397044033,221,82.8638,-0.0274,1.2028,-0.3117,-0.0411,0.1460,0.0212,0.9882,0.0000,0.0000,0.0000,0.0000,0.0000,0.0000,1.0000,0.1811,1.2238,-0.0257,-0.3997,0.1108,0.4500,0.7909
1768397044075,222,82.9054,-0.0268,1.2026,-0.3121,-0.0418,0.1455,0.0204,0.9883,0.0000,0.0000,0.0000,0.0000,0.0000,0.0000,1.0000,0.1815,1.2651,-0.0464,-0.4434,0.1667,0.4114,0.7787
1768397044117,223,82.9473,-0.0261,1.2024,-0.3117,-0.0414,0.1434,0.0202,0.9886,0.0000,0.0000,0.0000,0.0000,0.0000,0.0000,1.0000,0.1813,1.2962,-0.0687,-0.4825,0.2018,0.3902,0.7578
1768397044159,224,82.9892,-0.0257,1.2025,-0.3113,-0.0412,0.1419,0.0231,0.9888,0.0000,0.0000,0.0000,0.0000,0.0000,0.0000,1.0000,0.1816,1.3214,-0.0889,-0.5194,0.2260,0.3609,0.7409
1768397044200,225,83.0309,-0.0256,1.2027,-0.3111,-0.0402,0.1406,0.0253,0.9889,0.0000,0.0000,0.0000,0.0000,0.0000,0.0000,1.0000,0.1824,1.3409,-0.1048,-0.5365,0.2467,0.3423,0.7309
1768397044241,226,83.0722,-0.0258,1.2026,-0.3112,-0.0409,0.1406,0.0268,0.9889,0.0000,0.0000,0.0000,0.0000,0.0000,0.0000,1.0000,0.1830,1.3535,-0.1170,-0.5493,0.2547,0.3327,0.7230
1768397044283,227,83.1140,-0.0263,1.2025,-0.3118,-0.0410,0.1420,0.0268,0.9887,0.0000,0.0000,0.0000,0.0000,0.0000,0.0000,1.0000,0.1839,1.3639,-0.1266,-0.5695,0.2723,0.3281,0.7027
1768397044325,228,83.1558,-0.0268,1.2024,-0.3127,-0.0418,0.1425,0.0275,0.9885,0.0000,0.0000,0.0000,0.0000,0.0000,0.0000,1.0000,0.1853,1.3708,-0.1330,-0.5733,0.2816,0.3205,0.6995
1768397044366,229,83.1972,-0.0274,1.2024,-0.3140,-0.0422,0.1446,0.0268,0.9882,0.0000,0.0000,0.0000,0.0000,0.0000,0.0000,1.0000,0.1861,1.3748,-0.1378,-0.5805,0.2882,0.3175,0.6922
1768397044409,230,83.2392,-0.0280,1.2021,-0.3149,-0.0427,0.1476,0.0264,0.9878,0.0000,0.0000,0.0000,0.0000,0.0000,0.0000,1.0000,0.1878,1.3775,-0.1412,-0.5854,0.2986,0.3134,0.6855
1768397044450,231,83.2808,-0.0284,1.2018,-0.3155,-0.0437,0.1499,0.0262,0.9874,0.0000,0.0000,0.0000,0.0000,0.0000,0.0000,1.0000,0.1889,1.3783,-0.1441,-0.5880,0.3006,0.3062,0.6857
1768397044492,232,83.3226,-0.0287,1.2016,-0.3158,-0.0434,0.1503,0.0265,0.9873,0.0000,0.0000,0.0000,0.0000,0.0000,0.0000,1.0000,0.1893,1.3762,-0.1459,-0.5920,0.3025,0.3094,0.6799
1768397044534,233,83.3642,-0.0284,1.2018,-0.3154,-0.0425,0.1509,0.0287,0.9872,0.0000,0.0000,0.0000,0.0000,0.0000,0.0000,1.0000,0.1916,1.3750,-0.1470,-0.5964,0.3124,0.3036,0.6741
1768397044575,234,83.4056,-0.0282,1.2018,-0.3146,-0.0424,0.1503,0.0302,0.9873,0.0000,0.0000,0.0000,0.0000,0.0000,0.0000,1.0000,0.1953,1.3728,-0.1475,-0.6023,0.3215,0.2883,0.6714
1768397044617,235,83.4472,-0.0277,1.2017,-0.3138,-0.0409,0.1499,0.0316,0.9874,0.0000,0.0000,0.0000,0.0000,0.0000,0.0000,1.0000,0.1997,1.3698,-0.1459,-0.6084,0.3329,0.2774,0.6649
1768397044658,236,83.4889,-0.0272,1.2014,-0.3130,-0.0404,0.1513,0.0305,0.9872,0.0000,0.0000,0.0000,0.0000,0.0000,0.0000,1.0000,0.2057,1.3662,-0.1424,-0.6097,0.3490,0.2644,0.6607
1768397044699,237,83.5304,-0.0265,1.2011,-0.3122,-0.0394,0.1509,0.0306,0.9873,0.0000,0.0000,0.0000,0.0000,0.0000,0.0000,1.0000,0.2122,1.3609,-0.1377,-0.6143,0.3693,0.2546,0.6491
1768397044742,238,83.5723,-0.0261,1.2008,-0.3117,-0.0388,0.1525,0.0311,0.9871,0.0000,0.0000,0.0000,0.0000,0.0000,0.0000,1.0000,0.2189,1.3533,-0.1296,-0.6127,0.3914,0.2423,0.6425
1768397044783,239,83.6139,-0.0255,1.2002,-0.3106,-0.0369,0.1536,0.0296,0.9870,0.0000,0.0000,0.0000,0.0000,0.0000,0.0000,1.0000,0.2245,1.3407,-0.1201,-0.6225,0.4172,0.2347,0.6192
1768397044824,240,83.6553,-0.0248,1.1994,-0.3092,-0.0365,0.1525,0.0282,0.9872,0.0000,0.0000,0.0000,0.0000,0.0000,0.0000,1.0000,0.2300,1.3242,-0.1064,-0.6169,0.4392,0.2344,0.6096
1768397044867,241,83.6981,-0.0242,1.1988,-0.3079,-0.0349,0.1521,0.0286,0.9873,0.0000,0.0000,0.0000,0.0000,0.0000,0.0000,1.0000,0.2359,1.3031,-0.0869,-0.5987,0.4511,0.2226,0.6233
1768397044909,242,83.7389,-0.0237,1.1977,-0.3060,-0.0325,0.1499,0.0274,0.9878,0.0000,0.0000,0.0000,0.0000,0.0000,0.0000,1.0000,0.2403,1.2765,-0.0636,-0.5787,0.4538,0.2222,0.6401
1768397044949,243,83.7803,-0.0228,1.1965,-0.3040,-0.0301,0.1477,0.0262,0.9882,0.0000,0.0000,0.0000,0.0000,0.0000,0.0000,1.0000,0.2440,1.2462,-0.0360,-0.5370,0.4449,0.2335,0.6776
1768397044992,244,83.8219,-0.0220,1.1952,-0.3017,-0.0256,0.1458,0.0253,0.9887,0.0000,0.0000,0.0000,0.0000,0.0000,0.0000,1.0000,0.2457,1.2094,-0.0039,-0.4866,0.4249,0.2602,0.7176
1768397045033,245,83.8640,-0.0211,1.1936,-0.2994,-0.0234,0.1435,0.0226,0.9891,0.0000,0.0000,0.0000,0.0000,0.0000,0.0000,1.0000,0.2465,1.1691,0.0257,-0.4299,0.4036,0.2774,0.7585
1768397045076,246,83.9061,-0.0205,1.1921,-0.2968,-0.0183,0.1440,0.0203,0.9892,0.0000,0.0000,0.0000,0.0000,0.0000,0.0000,1.0000,0.2458,1.1243,0.0544,-0.3660,0.3612,0.3111,0.7992
1768397045117,247,83.9475,-0.0192,1.1901,-0.2937,-0.0161,0.1413,0.0165,0.9897,0.0000,0.0000,0.0000,0.0000,0.0000,0.0000,1.0000,0.2397,1.0734,0.0800,-0.2679,0.2756,0.3942,0.8348
1768397045157,248,83.9888,-0.0181,1.1880,-0.2903,-0.0102,0.1413,0.0152,0.9898,0.0000,0.0000,0.0000,0.0000,0.0000,0.0000,1.0000,0.2317,1.0268,0.0937,-0.2586,0.2410,0.4101,0.8407
1768397045200,249,84.0306,-0.0161,1.1847,-0.2859,-0.0053,0.1383,0.0098,0.9903,0.0000,0.0000,0.0000,0.0000,0.0000,0.0000,1.0000,0.2253,0.9839,0.1061,-0.2002,0.1994,0.4254,0.8598
1768397045241,250,84.0722,-0.0146,1.1816,-0.2814,-0.0004,0.1372,0.0032,0.9905,0.0000,0.0000,0.0000,0.0000,0.0000,0.0000,1.0000,0.2189,0.9487,0.1113,-0.1857,0.1614,0.4442,0.8615
1768397045283,251,84.1145,-0.0127,1.1797,-0.2764,0.0047,0.1364,-0.0003,0.9906,0.0000,0.0000,0.0000,0.0000,0.0000,0.0000,1.0000,0.2171,0.9215,0.1181,-0.1539,0.1379,0.4567,0.8653
1768397045325,252,84.1557,-0.0106,1.1783,-0.2707,0.0092,0.1331,-0.0003,0.9911,0.0000,0.0000,0.0000,0.0000,0.0000,0.0000,1.0000,0.2186,0.8997,0.1264,-0.1039,0.1239,0.4534,0.8765
1768397045368,253,84.1979,-0.0090,1.1781,-0.2649,0.0129,0.1300,0.0000,0.9914,0.0000,0.0000,0.0000,0.0000,0.0000,0.0000,1.0000,0.2182,0.8819,0.1331,-0.0752,0.1119,0.4616,0.8768
1768397045408,254,84.2389,-0.0076,1.1779,-0.2592,0.0190,0.1278,0.0026,0.9916,0.0000,0.0000,0.0000,0.0000,0.0000,0.0000,1.0000,0.2181,0.8724,0.1393,-0.0818,0.1165,0.4713,0.8704
1768397045451,255,84.2812,-0.0063,1.1772,-0.2538,0.0216,0.1252,0.0019,0.9919,0.0000,0.0000,0.0000,0.0000,0.0000,0.0000,1.0000,0.2183,0.8681,0.1456,-0.0687,0.1149,0.4408,0.8876
1768397045491,256,84.3222,-0.0054,1.1770,-0.2490,0.0261,0.1257,0.0027,0.9917,0.0000,0.0000,0.0000,0.0000,0.0000,0.0000,1.0000,0.2176,0.8650,0.1516,-0.0443,0.1013,0.4145,0.9033
1768397045533,257,84.3638,-0.0046,1.1758,-0.2442,0.0307,0.1253,0.0027,0.9916,0.0000,0.0000,0.0000,0.0000,0.0000,0.0000,1.0000,0.2190,0.8641,0.1582,-0.0034,0.0984,0.3640,0.9262
1768397045575,258,84.4058,-0.0038,1.1748,-0.2400,0.0339,0.1246,0.0034,0.9916,0.0000,0.0000,0.0000,0.0000,0.0000,0.0000,1.0000,0.2224,0.8624,0.1642,0.0559,0.0938,0.2956,0.9490
1768397045617,259,84.4477,-0.0034,1.1738,-0.2360,0.0397,0.1249,0.0038,0.9914,0.0000,0.0000,0.0000,0.0000,0.0000,0.0000,1.0000,0.2270,0.8601,0.1689,0.1083,0.0824,0.2355,0.9623
1768397045658,260,84.4889,-0.0027,1.1721,-0.2323,0.0422,0.1242,0.0036,0.9914,0.0000,0.0000,0.0000,0.0000,0.0000,0.0000,1.0000,0.2319,0.8578,0.1732,0.1294,0.0866,0.2199,0.9630
1768397045700,261,84.5304,-0.0020,1.1708,-0.2287,0.0464,0.1227,0.0012,0.9914,0.0000,0.0000,0.0000,0.0000,0.0000,0.0000,1.0000,0.2374,0.8571,0.1772,0.1265,0.1035,0.2200,0.9617
1768397045742,262,84.5722,-0.0014,1.1699,-0.2257,0.0488,0.1212,0.0003,0.9914,0.0000,0.0000,0.0000,0.0000,0.0000,0.0000,1.0000,0.2404,0.8560,0.1794,0.1274,0.1050,0.2185,0.9618
1768397045783,263,84.6138,-0.0008,1.1696,-0.2230,0.0496,0.1200,0.0001,0.9915,0.0000,0.0000,0.0000,0.0000,0.0000,0.0000,1.0000,0.2401,0.8548,0.1804,0.1210,0.1044,0.2296,0.9601
1768397045826,264,84.6564,0.0000,1.1696,-0.2205,0.0507,0.1189,0.0021,0.9916,0.0000,0.0000,0.0000,0.0000,0.0000,0.0000,1.0000,0.2392,0.8542,0.1813,0.1230,0.1018,0.2291,0.9602
1768397045867,265,84.6981,0.0006,1.1698,-0.2184,0.0532,0.1185,0.0032,0.9915,0.0000,0.0000,0.0000,0.0000,0.0000,0.0000,1.0000,0.2377,0.8517,0.1838,0.1195,0.1026,0.2405,0.9578
1768397045908,266,84.7390,0.0015,1.1696,-0.2167,0.0540,0.1184,0.0025,0.9915,0.0000,0.0000,0.0000,0.0000,0.0000,0.0000,1.0000,0.2357,0.8482,0.1852,0.1189,0.0999,0.2578,0.9536
1768397045950,267,84.7810,0.0022,1.1694,-0.2153,0.0544,0.1182,0.0022,0.9915,0.0000,0.0000,0.0000,0.0000,0.0000,0.0000,1.0000,0.2338,0.8451,0.1870,0.1174,0.1012,0.2667,0.9512
1768397045992,268,84.8222,0.0025,1.1692,-0.2141,0.0556,0.1182,0.0017,0.9914,0.0000,0.0000,0.0000,0.0000,0.0000,0.0000,1.0000,0.2322,0.8448,0.1885,0.1093,0.1000,0.2685,0.9518
1768397046033,269,84.8641,0.0032,1.1688,-0.2126,0.0566,0.1174,0.0005,0.9915,0.0000,0.0000,0.0000,0.0000,0.0000,0.0000,1.0000,0.2316,0.8466,0.1886,0.1151,0.1014,0.2645,0.9521
1768397046075,270,84.9057,0.0037,1.1685,-0.2112,0.0578,0.1153,-0.0002,0.9916,0.0000,0.0000,0.0000,0.0000,0.0000,0.0000,1.0000,0.2309,0.8466,0.1908,0.1183,0.1069,0.2671,0.9504
1768397046117,271,84.9473,0.0040,1.1681,-0.2101,0.0586,0.1133,-0.0012,0.9918,0.0000,0.0000,0.0000,0.0000,0.0000,0.0000,1.0000,0.2301,0.8458,0.1912,0.1183,0.1069,0.2756,0.9480
1768397046158,272,84.9891,0.0042,1.1684,-0.2094,0.0592,0.1122,0.0000,0.9919,0.0000,0.0000,0.0000,0.0000,0.0000,0.0000,1.0000,0.2301,0.8445,0.1920,0.1217,0.1127,0.2835,0.9445
1768397046200,273,85.0305,0.0045,1.1684,-0.2090,0.0587,0.1119,0.0010,0.9920,0.0000,0.0000,0.0000,0.0000,0.0000,0.0000,1.0000,0.2309,0.8418,0.1934,0.1366,0.1202,0.2861,0.9408
