Frame,Time,HMD_PosX,HMD_PosY,HMD_PosZ,HMD_RotX,HMD_RotY,HMD_RotZ,L_ctrl_PosX,L_ctrl_PosY,L_ctrl_PosZ,L_ctrl_RotX,L_ctrl_RotY,L_ctrl_RotZ,R_ctrl_PosX,R_ctrl_PosY,R_ctrl_PosZ,R_ctrl_RotX,R_ctrl_RotY,R_ctrl_RotZ,Timestamp
0,8.429663,-0.0768,0.4379,-0.2444,337.825,349.866,356.292,-0.2611,0.0370,0.2665,4.682,16.821,306.616,0.0000,0.0000,0.0000,0.000,0.000,0.000,01-08 17:52:28.417
1,8.482435,-0.0761,0.4394,-0.2457,336.892,349.500,356.423,-0.2611,0.0370,0.2665,4.681,16.821,306.616,-0.3014,0.0387,0.1844,9.849,337.103,64.754,01-08 17:52:28.466
2,8.524504,-0.0747,0.4404,-0.2464,336.272,349.191,356.458,-0.2611,0.0370,0.2665,4.682,16.821,306.616,-0.3014,0.0387,0.1844,9.847,337.105,64.756,01-08 17:52:28.509
3,8.566518,-0.0735,0.4412,-0.2469,335.878,349.448,356.117,-0.2611,0.0370,0.2665,4.682,16.821,306.616,-0.3014,0.0387,0.1844,9.848,337.104,64.755,01-08 17:52:28.551
4,8.608086,-0.0717,0.4421,-0.2473,335.700,349.646,355.663,-0.2611,0.0370,0.2665,4.682,16.821,306.616,-0.3014,0.0387,0.1844,9.849,337.104,64.755,01-08 17:52:28.592
5,8.649248,-0.0705,0.4427,-0.2476,335.038,349.728,355.475,-0.2611,0.0370,0.2665,4.682,16.821,306.616,-0.3014,0.0387,0.1844,9.849,337.104,64.755,01-08 17:52:28.632
6,8.690998,-0.0698,0.4430,-0.2482,334.292,349.550,355.151,-0.2611,0.0370,0.2665,4.682,16.821,306.616,-0.3014,0.0387,0.1844,9.848,337.104,64.755,01-08 17:52:28.674
7,8.737795,-0.0705,0.4437,-0.2502,333.954,349.982,354.586,-0.2611,0.0370,0.2665,4.681,16.821,306.616,-0.3014,0.0387,0.1844,9.849,337.104,64.755,01-08 17:52:28.722
8,8.77473,-0.0701,0.4446,-0.2520,333.356,349.810,354.734,-0.2611,0.0370,0.2665,4.682,16.821,306.616,-0.3014,0.0387,0.1844,9.849,337.104,64.755,01-08 17:52:28.759
9,8.816501,-0.0698,0.4447,-0.2518,332.546,350.190,354.868,-0.2611,0.0370,0.2665,4.682,16.821,306.616,-0.3014,0.0387,0.1844,9.848,337.104,64.755,01-08 17:52:28.800
10,8.858669,-0.0696,0.4447,-0.2514,332.596,350.669,354.853,-0.2611,0.0370,0.2665,4.682,16.821,306.616,-0.3014,0.0387,0.1844,9.849,337.104,64.755,01-08 17:52:28.843
11,8.899658,-0.0698,0.4421,-0.2478,333.707,351.549,354.937,-0.2611,0.0370,0.2665,4.682,16.821,306.616,-0.3014,0.0387,0.1844,9.849,337.104,64.755,01-08 17:52:28.884
12,8.94169,-0.0683,0.4378,-0.2455,336.059,352.070,354.907,-0.2611,0.0370,0.2665,4.683,16.822,306.618,-0.3014,0.0387,0.1844,9.848,337.104,64.755,01-08 17:52:28.925
13,8.983195,-0.0666,0.4312,-0.2443,340.401,352.555,354.466,-0.2610,0.0362,0.2668,4.379,16.882,306.675,-0.3027,0.0382,0.1833,9.785,336.866,64.495,01-08 17:52:28.967
14,9.024481,-0.0645,0.4260,-0.2425,344.617,353.923,352.948,-0.2609,0.0347,0.2680,4.248,19.649,306.553,-0.3073,0.0372,0.1847,8.941,336.759,64.915,01-08 17:52:29.008
15,9.067176,-0.0615,0.4228,-0.2410,347.577,354.473,352.341,-0.2614,0.0335,0.2694,4.782,20.588,306.948,-0.3091,0.0370,0.1849,11.896,336.117,61.252,01-08 17:52:29.051
16,9.108426,-0.0588,0.4229,-0.2405,347.584,354.897,352.479,-0.2616,0.0332,0.2696,4.554,19.659,306.872,-0.3117,0.0356,0.1830,8.743,336.298,62.543,01-08 17:52:29.093
17,9.149865,-0.0558,0.4238,-0.2396,346.725,354.497,352.858,-0.2611,0.0314,0.2703,3.248,19.200,305.494,-0.3166,0.0332,0.1768,5.333,337.719,64.690,01-08 17:52:29.133
18,9.191446,-0.0548,0.4262,-0.2378,344.294,354.040,353.240,-0.2631,0.0309,0.2728,4.814,19.294,307.244,-0.3138,0.0368,0.1772,9.233,339.654,44.603,01-08 17:52:29.176
19,9.233687,-0.0524,0.4277,-0.2358,342.365,353.513,353.822,-0.2631,0.0306,0.2727,4.147,19.276,306.581,-0.3058,0.0417,0.1818,12.481,332.898,42.644,01-08 17:52:29.218
20,9.274773,-0.0510,0.4272,-0.2359,342.267,353.736,354.380,-0.2641,0.0290,0.2747,4.261,19.283,306.731,-0.2928,0.0694,0.1918,12.715,339.803,16.230,01-08 17:52:29.259
21,9.316628,-0.0492,0.4253,-0.2354,342.525,354.171,354.415,-0.2651,0.0276,0.2762,4.241,19.285,306.760,-0.2819,0.0928,0.1913,14.675,337.228,6.884,01-08 17:52:29.301
22,9.358486,-0.0480,0.4238,-0.2354,344.139,355.040,354.505,-0.2659,0.0263,0.2776,4.218,19.298,306.784,-0.2648,0.1275,0.1879,11.979,334.261,351.456,01-08 17:52:29.342
23,9.399446,-0.0462,0.4208,-0.2362,346.253,355.963,354.667,-0.2655,0.0275,0.2762,4.203,19.299,306.780,-0.2351,0.1584,0.1807,11.839,328.326,334.545,01-08 17:52:29.384
24,9.441648,-0.0443,0.4178,-0.2368,348.455,357.137,355.254,-0.2655,0.0275,0.2762,4.203,19.298,306.780,-0.1960,0.1798,0.1755,10.316,327.300,324.153,01-08 17:52:29.426
25,9.483203,-0.0426,0.4134,-0.2386,350.903,358.024,355.902,-0.2655,0.0275,0.2762,4.203,19.298,306.779,-0.1575,0.1980,0.1682,7.816,323.992,324.386,01-08 17:52:29.467
26,9.524907,-0.0407,0.4099,-0.2404,353.634,359.378,356.148,-0.2655,0.0275,0.2762,4.203,19.299,306.780,-0.1172,0.2174,0.1640,5.684,328.958,329.119,01-08 17:52:29.509
27,9.566726,-0.0383,0.4079,-0.2421,355.728,0.826,356.110,-0.2655,0.0275,0.2762,4.203,19.299,306.780,-0.0765,0.2319,0.1598,4.348,336.328,337.209,01-08 17:52:29.550
28,9.608928,-0.0344,0.4083,-0.2445,355.414,1.790,356.718,-0.2655,0.0275,0.2762,4.203,19.298,306.779,-0.0373,0.2419,0.1618,1.655,336.909,337.605,01-08 17:52:29.593
29,9.649993,-0.0320,0.4097,-0.2465,353.739,2.409,357.922,-0.2655,0.0275,0.2762,4.203,19.299,306.780,-0.0009,0.2485,0.1633,1.603,343.989,338.570,01-08 17:52:29.634
30,9.691634,-0.0295,0.4105,-0.2482,352.643,2.625,358.892,-0.2655,0.0275,0.2762,4.203,19.298,306.780,0.0295,0.2534,0.1644,2.204,346.707,342.071,01-08 17:52:29.675
31,9.733417,-0.0267,0.4116,-0.2495,352.059,2.886,359.443,-0.2655,0.0275,0.2762,4.203,19.298,306.779,0.0555,0.2569,0.1650,1.822,349.536,341.505,01-08 17:52:29.718
32,9.775187,-0.0233,0.4125,-0.2506,351.750,3.507,359.400,-0.2655,0.0275,0.2762,4.203,19.299,306.780,0.0728,0.2572,0.1615,2.863,352.102,342.739,01-08 17:52:29.759
33,9.816796,-0.0201,0.4138,-0.2513,351.210,4.006,359.621,-0.2655,0.0275,0.2762,4.203,19.299,306.779,0.0851,0.2592,0.1584,3.059,355.326,347.238,01-08 17:52:29.800
34,9.859217,-0.0167,0.4147,-0.2514,350.611,4.423,359.767,-0.2655,0.0275,0.2762,4.203,19.298,306.779,0.0955,0.2638,0.1544,358.734,358.310,351.374,01-08 17:52:29.843
35,9.899886,-0.0138,0.4146,-0.2524,350.382,4.764,359.760,-0.2655,0.0275,0.2762,4.203,19.299,306.780,0.1053,0.2677,0.1497,355.832,0.399,352.581,01-08 17:52:29.883
36,9.941863,-0.0108,0.4142,-0.2520,351.040,5.564,359.319,-0.2655,0.0275,0.2762,4.203,19.298,306.779,0.1127,0.2716,0.1464,354.206,3.253,351.501,01-08 17:52:29.926
37,9.98357,-0.0087,0.4138,-0.2523,351.528,6.066,359.036,-0.2655,0.0275,0.2762,4.203,19.298,306.780,0.1199,0.2761,0.1395,350.325,7.508,349.975,01-08 17:52:29.968
38,10.02523,-0.0072,0.4134,-0.2525,351.697,6.330,358.890,-0.2655,0.0275,0.2762,4.203,19.298,306.780,0.1217,0.2778,0.1357,349.207,4.396,349.518,01-08 17:52:30.009
39,10.06663,-0.0060,0.4129,-0.2525,351.980,6.520,358.629,-0.2655,0.0275,0.2762,4.203,19.299,306.780,0.1226,0.2788,0.1333,348.170,5.307,350.849,01-08 17:52:30.051
40,10.10916,-0.0055,0.4128,-0.2524,352.266,6.761,358.427,-0.2655,0.0275,0.2762,4.203,19.299,306.779,0.1226,0.2796,0.1310,348.576,4.259,350.922,01-08 17:52:30.092
41,10.15054,-0.0051,0.4125,-0.2523,352.105,6.814,358.579,-0.2655,0.0275,0.2762,4.203,19.298,306.780,0.1248,0.2824,0.1289,347.142,6.736,348.730,01-08 17:52:30.134
42,10.19226,-0.0057,0.4122,-0.2519,352.236,6.997,358.521,-0.2655,0.0275,0.2762,4.203,19.299,306.780,0.1258,0.2834,0.1272,347.057,6.902,349.178,01-08 17:52:30.175
43,10.23366,-0.0063,0.4121,-0.2517,352.365,7.031,358.564,-0.2655,0.0275,0.2762,4.203,19.298,306.779,0.1294,0.2874,0.1245,344.650,9.533,348.436,01-08 17:52:30.217
44,10.2755,-0.0073,0.4116,-0.2517,352.635,7.006,358.557,-0.2655,0.0275,0.2762,4.203,19.299,306.780,0.1348,0.2927,0.1220,342.606,11.384,348.483,01-08 17:52:30.259
45,10.31713,-0.0085,0.4115,-0.2514,352.619,6.957,358.576,-0.2655,0.0275,0.2762,4.203,19.299,306.780,0.1417,0.3006,0.1193,339.988,14.333,346.712,01-08 17:52:30.301
46,10.35932,-0.0096,0.4113,-0.2515,352.612,6.787,358.629,-0.2655,0.0275,0.2762,4.203,19.298,306.780,0.1495,0.3073,0.1181,339.817,15.164,344.777,01-08 17:52:30.344
47,10.40069,-0.0105,0.4114,-0.2515,352.717,6.528,358.664,-0.2655,0.0275,0.2762,4.203,19.298,306.779,0.1542,0.3156,0.1159,338.000,16.419,345.369,01-08 17:52:30.385
48,10.44208,-0.0111,0.4114,-0.2518,352.647,6.463,358.851,-0.2655,0.0275,0.2762,4.203,19.298,306.779,0.1572,0.3249,0.1123,336.648,16.674,344.684,01-08 17:52:30.425
49,10.48386,-0.0116,0.4114,-0.2520,352.723,6.519,358.954,-0.2655,0.0275,0.2762,4.203,19.299,306.779,0.1592,0.3330,0.1086,334.774,16.932,344.778,01-08 17:52:30.468
50,10.52579,-0.0117,0.4114,-0.2525,352.703,6.625,359.085,-0.2655,0.0275,0.2762,4.203,19.299,306.780,0.1599,0.3400,0.1045,333.116,17.513,345.192,01-08 17:52:30.510
51,10.56716,-0.0115,0.4113,-0.2530,352.765,6.773,359.158,-0.2655,0.0275,0.2762,4.203,19.299,306.780,0.1603,0.3464,0.1009,331.757,18.405,344.809,01-08 17:52:30.552
52,10.61155,-0.0111,0.4112,-0.2534,352.802,6.983,359.154,-0.2655,0.0275,0.2762,4.203,19.298,306.780,0.1625,0.3512,0.0977,331.298,22.719,341.515,01-08 17:52:30.596
53,10.65031,-0.0106,0.4112,-0.2540,352.793,7.119,359.180,-0.2655,0.0275,0.2762,4.203,19.298,306.779,0.1613,0.3515,0.0964,332.078,20.278,342.675,01-08 17:52:30.635
54,10.6918,-0.0103,0.4111,-0.2543,352.857,7.233,359.192,-0.2655,0.0275,0.2762,4.203,19.299,306.780,0.1630,0.3529,0.0946,332.847,21.386,341.092,01-08 17:52:30.676
55,10.73421,-0.0101,0.4110,-0.2548,352.881,7.161,359.169,-0.2655,0.0275,0.2762,4.202,19.299,306.780,0.1629,0.3533,0.0941,333.306,20.972,340.678,01-08 17:52:30.718
56,10.77554,-0.0100,0.4114,-0.2550,352.781,7.137,359.104,-0.2655,0.0275,0.2762,4.203,19.299,306.780,0.1625,0.3522,0.0943,333.964,21.287,341.158,01-08 17:52:30.760
57,10.81698,-0.0098,0.4116,-0.2552,352.724,7.123,359.079,-0.2655,0.0275,0.2762,4.203,19.299,306.780,0.1620,0.3518,0.0944,333.879,21.290,340.960,01-08 17:52:30.801
58,10.85943,-0.0097,0.4118,-0.2553,352.612,7.065,359.036,-0.2655,0.0275,0.2762,4.203,19.298,306.779,0.1614,0.3510,0.0947,334.200,21.493,340.604,01-08 17:52:30.843
59,10.90091,-0.0097,0.4123,-0.2552,352.508,7.067,359.039,-0.2655,0.0275,0.2762,4.203,19.298,306.779,0.1607,0.3502,0.0944,333.267,24.375,340.228,01-08 17:52:30.884
60,10.9421,-0.0097,0.4128,-0.2551,352.296,7.111,358.988,-0.2655,0.0275,0.2762,4.203,19.299,306.780,0.1590,0.3492,0.0945,333.861,24.692,342.102,01-08 17:52:30.926
61,10.98382,-0.0099,0.4138,-0.2546,351.857,7.102,358.976,-0.2655,0.0275,0.2762,4.203,19.298,306.779,0.1602,0.3504,0.0948,336.016,22.565,340.003,01-08 17:52:30.968
62,11.02552,-0.0102,0.4146,-0.2545,351.520,7.042,359.001,-0.2655,0.0275,0.2762,4.203,19.298,306.779,0.1590,0.3507,0.0948,336.921,22.187,339.645,01-08 17:52:31.009
63,11.06706,-0.0107,0.4149,-0.2543,351.266,6.799,359.085,-0.2655,0.0275,0.2762,4.203,19.299,306.780,0.1554,0.3517,0.0934,335.839,19.005,342.574,01-08 17:52:31.051
64,11.10956,-0.0115,0.4149,-0.2543,351.328,6.823,359.088,-0.2655,0.0275,0.2762,4.203,19.299,306.780,0.1530,0.3539,0.0900,332.734,19.356,342.740,01-08 17:52:31.093
65,11.15059,-0.0120,0.4145,-0.2549,351.566,6.619,359.139,-0.2655,0.0275,0.2762,4.203,19.299,306.780,0.1532,0.3559,0.0892,332.904,22.362,341.573,01-08 17:52:31.134
66,11.1922,-0.0124,0.4145,-0.2549,351.506,6.704,359.191,-0.2655,0.0275,0.2762,4.203,19.298,306.779,0.1530,0.3583,0.0876,331.684,24.098,339.038,01-08 17:52:31.175
67,11.23382,-0.0126,0.4144,-0.2554,351.580,6.755,359.225,-0.2655,0.0275,0.2762,4.203,19.298,306.780,0.1498,0.3597,0.0861,330.835,21.588,341.777,01-08 17:52:31.217
68,11.28358,-0.0129,0.4144,-0.2559,351.562,6.744,359.226,-0.2655,0.0275,0.2762,4.203,19.298,306.779,0.1488,0.3609,0.0864,333.928,20.224,340.643,01-08 17:52:31.268
69,11.3175,-0.0134,0.4144,-0.2563,351.578,6.690,359.265,-0.2655,0.0275,0.2762,4.203,19.298,306.779,0.1491,0.3624,0.0839,336.342,15.290,337.937,01-08 17:52:31.300
70,11.3606,-0.0139,0.4143,-0.2565,351.617,6.629,359.301,-0.2655,0.0275,0.2762,4.203,19.299,306.780,0.1429,0.3622,0.0803,336.456,2.433,339.948,01-08 17:52:31.345
71,11.40075,-0.0146,0.4141,-0.2567,351.716,6.385,359.373,-0.2655,0.0275,0.2762,4.203,19.298,306.779,0.1440,0.3634,0.0761,335.285,5.658,332.180,01-08 17:52:31.385
72,11.44201,-0.0161,0.4138,-0.2563,351.719,6.104,359.524,-0.2655,0.0275,0.2762,4.203,19.298,306.780,0.1437,0.3652,0.0753,337.434,2.145,323.728,01-08 17:52:31.425
73,11.484,-0.0177,0.4134,-0.2562,351.906,5.791,359.689,-0.2655,0.0275,0.2762,4.203,19.298,306.779,0.1424,0.3651,0.0734,338.467,354.980,318.678,01-08 17:52:31.468
74,11.52587,-0.0204,0.4128,-0.2553,352.254,5.264,359.906,-0.2655,0.0275,0.2762,4.203,19.298,306.779,0.1403,0.3635,0.0746,341.449,350.166,314.981,01-08 17:52:31.510
75,11.5674,-0.0239,0.4128,-0.2541,352.541,4.609,359.903,-0.2655,0.0275,0.2762,4.203,19.299,306.780,0.1334,0.3617,0.0727,341.144,343.516,317.745,01-08 17:52:31.552
76,11.60957,-0.0278,0.4126,-0.2527,352.328,3.651,0.306,-0.2655,0.0275,0.2762,4.203,19.298,306.779,0.1225,0.3626,0.0687,335.483,337.741,319.103,01-08 17:52:31.593
77,11.65057,-0.0320,0.4127,-0.2509,352.252,2.589,0.563,-0.2655,0.0275,0.2762,4.203,19.298,306.780,0.1140,0.3625,0.0730,338.514,347.150,317.451,01-08 17:52:31.634
78,11.69252,-0.0368,0.4123,-0.2499,351.965,1.080,0.605,-0.2655,0.0275,0.2762,4.203,19.299,306.779,0.0997,0.3625,0.0755,337.511,346.171,317.054,01-08 17:52:31.676
79,11.73419,-0.0416,0.4127,-0.2489,351.611,359.681,0.481,-0.2655,0.0275,0.2762,4.203,19.298,306.779,0.0802,0.3616,0.0791,339.423,342.771,320.799,01-08 17:52:31.718
80,11.77582,-0.0468,0.4139,-0.2484,351.056,357.999,0.166,-0.2655,0.0275,0.2762,4.203,19.298,306.780,0.0607,0.3592,0.0839,342.677,342.930,323.013,01-08 17:52:31.759
81,11.81746,-0.0521,0.4161,-0.2474,350.095,355.867,359.803,-0.2655,0.0275,0.2762,4.203,19.299,306.780,0.0374,0.3558,0.0865,343.418,338.344,325.479,01-08 17:52:31.801
82,11.86082,-0.0573,0.4191,-0.2457,348.098,354.078,358.877,-0.2655,0.0275,0.2762,4.203,19.298,306.779,0.0017,0.3474,0.0877,341.362,335.408,331.388,01-08 17:52:31.845
83,11.90114,-0.0631,0.4227,-0.2439,344.635,352.066,357.912,-0.2655,0.0275,0.2762,4.203,19.299,306.779,-0.0357,0.3360,0.0944,342.700,340.429,335.434,01-08 17:52:31.885
84,11.94243,-0.0683,0.4268,-0.2416,341.721,350.362,356.833,-0.2655,0.0275,0.2762,4.203,19.298,306.779,-0.0761,0.3209,0.1020,344.677,342.856,342.989,01-08 17:52:31.925
85,11.98419,-0.0724,0.4305,-0.2405,338.804,348.691,355.593,-0.2655,0.0275,0.2762,4.203,19.298,306.780,-0.1202,0.3020,0.1088,343.474,343.349,356.571,01-08 17:52:31.968
86,12.02589,-0.0769,0.4340,-0.2415,336.902,346.349,355.546,-0.2655,0.0275,0.2762,4.203,19.299,306.779,-0.1613,0.2773,0.1201,340.496,349.364,8.939,01-08 17:52:32.009
87,12.06783,-0.0816,0.4373,-0.2427,335.547,345.517,354.707,-0.2655,0.0275,0.2762,4.203,19.298,306.779,-0.1971,0.2471,0.1299,342.117,346.577,18.309,01-08 17:52:32.051
88,12.10972,-0.0850,0.4385,-0.2436,334.539,344.291,354.356,-0.2655,0.0275,0.2762,4.203,19.298,306.779,-0.2237,0.2173,0.1350,339.845,342.309,28.162,01-08 17:52:32.093
89,12.15133,-0.0891,0.4399,-0.2447,333.908,343.095,354.193,-0.2655,0.0275,0.2762,4.203,19.299,306.780,-0.2433,0.1952,0.1360,334.651,338.471,35.659,01-08 17:52:32.134
90,12.19275,-0.0937,0.4402,-0.2447,333.414,342.166,354.426,-0.2655,0.0275,0.2762,4.203,19.298,306.779,-0.2499,0.1836,0.1385,343.013,336.607,34.111,01-08 17:52:32.177
91,12.23414,-0.0984,0.4394,-0.2451,333.341,340.788,354.810,-0.2655,0.0275,0.2762,4.203,19.298,306.779,-0.2504,0.1822,0.1382,348.972,336.135,23.132,01-08 17:52:32.218
92,12.27601,-0.1030,0.4385,-0.2455,333.714,339.940,354.796,-0.2655,0.0275,0.2762,4.203,19.298,306.779,-0.2501,0.1822,0.1393,350.370,337.796,17.824,01-08 17:52:32.260
93,12.31752,-0.1070,0.4380,-0.2455,333.838,338.835,355.043,-0.2655,0.0275,0.2762,4.203,19.298,306.779,-0.2514,0.1809,0.1427,348.589,343.020,14.968,01-08 17:52:32.301
94,12.36204,-0.1096,0.4381,-0.2452,333.803,338.313,355.240,-0.2655,0.0275,0.2762,4.203,19.299,306.780,-0.2512,0.1778,0.1486,347.068,347.935,13.999,01-08 17:52:32.346
95,12.4024,-0.1115,0.4384,-0.2451,333.575,337.992,355.505,-0.2655,0.0275,0.2762,4.203,19.298,306.780,-0.2529,0.1722,0.1555,346.895,353.197,13.467,01-08 17:52:32.387
96,12.44348,-0.1115,0.4391,-0.2454,332.840,338.261,355.856,-0.2655,0.0275,0.2762,4.203,19.298,306.779,-0.2576,0.1600,0.1616,345.456,353.708,18.027,01-08 17:52:32.427
97,12.48483,-0.1118,0.4396,-0.2465,332.678,338.150,355.942,-0.2655,0.0275,0.2762,4.203,19.299,306.779,-0.2608,0.1487,0.1644,348.047,352.516,22.567,01-08 17:52:32.469
98,12.52627,-0.1122,0.4399,-0.2474,332.501,337.736,355.874,-0.2655,0.0275,0.2762,4.203,19.299,306.780,-0.2616,0.1405,0.1666,350.222,351.635,22.405,01-08 17:52:32.510
99,12.56785,-0.1126,0.4402,-0.2483,332.439,337.075,355.962,-0.2655,0.0275,0.2762,4.203,19.299,306.780,-0.2626,0.1328,0.1658,358.407,346.156,24.770,01-08 17:52:32.552
100,12.61139,-0.1128,0.4403,-0.2486,332.335,336.428,355.981,-0.2655,0.0275,0.2762,4.203,19.298,306.780,-0.2648,0.1255,0.1643,355.446,346.250,23.349,01-08 17:52:32.596
101,12.65089,-0.1125,0.4401,-0.2486,332.297,336.166,355.953,-0.2655,0.0275,0.2762,4.203,19.298,306.780,-0.2690,0.1163,0.1638,352.706,346.710,26.170,01-08 17:52:32.634
102,12.69247,-0.1121,0.4400,-0.2486,332.367,336.289,355.752,-0.2655,0.0275,0.2762,4.203,19.299,306.779,-0.2731,0.1072,0.1623,346.983,348.640,29.854,01-08 17:52:32.676
103,12.73465,-0.1114,0.4401,-0.2485,332.178,336.360,355.721,-0.2655,0.0275,0.2762,4.203,19.298,306.780,-0.2787,0.0947,0.1633,344.867,349.214,36.581,01-08 17:52:32.719
104,12.77632,-0.1109,0.4405,-0.2486,332.080,336.322,355.735,-0.2655,0.0275,0.2762,4.203,19.299,306.780,-0.2833,0.0815,0.1652,343.277,349.562,41.714,01-08 17:52:32.761
105,12.81832,-0.1109,0.4406,-0.2489,332.058,335.973,355.714,-0.2655,0.0275,0.2762,4.203,19.298,306.780,-0.2857,0.0755,0.1681,344.479,351.329,40.453,01-08 17:52:32.802
106,12.86084,-0.1116,0.4405,-0.2495,332.178,335.669,355.721,-0.2655,0.0275,0.2762,4.203,19.298,306.780,-0.2879,0.0705,0.1719,348.514,350.218,39.165,01-08 17:52:32.845
107,12.90104,-0.1127,0.4403,-0.2496,332.152,335.162,355.774,-0.2655,0.0275,0.2762,4.203,19.299,306.780,-0.2899,0.0662,0.1718,344.931,351.007,41.775,01-08 17:52:32.884
108,12.94294,-0.1148,0.4400,-0.2496,332.350,334.711,355.846,-0.2655,0.0275,0.2762,4.203,19.299,306.779,-0.2899,0.0640,0.1729,344.562,350.180,41.311,01-08 17:52:32.927
109,12.98433,-0.1163,0.4400,-0.2497,332.175,334.328,355.883,-0.2655,0.0275,0.2762,4.203,19.298,306.779,-0.2869,0.0599,0.1777,348.693,354.846,44.884,01-08 17:52:32.969
110,13.02608,-0.1176,0.4399,-0.2497,332.132,334.054,356.000,-0.2655,0.0275,0.2762,4.203,19.298,306.779,-0.2840,0.0557,0.1817,355.421,357.877,44.329,01-08 17:52:33.009
111,13.06769,-0.1189,0.4399,-0.2502,332.209,333.867,356.035,-0.2655,0.0275,0.2762,4.203,19.298,306.779,-0.2836,0.0499,0.1841,359.957,358.107,43.452,01-08 17:52:33.052
112,13.11045,-0.1197,0.4399,-0.2506,332.164,333.464,356.171,-0.2655,0.0275,0.2762,4.203,19.298,306.780,-0.2843,0.0492,0.1848,354.979,357.177,44.532,01-08 17:52:33.094
113,13.15123,-0.1205,0.4394,-0.2513,332.259,333.188,356.267,-0.2655,0.0275,0.2762,4.203,19.299,306.779,-0.2837,0.0504,0.1887,348.287,357.918,45.593,01-08 17:52:33.135
114,13.19324,-0.1208,0.4394,-0.2520,332.376,332.930,356.241,-0.2655,0.0275,0.2762,4.203,19.299,306.780,-0.2818,0.0475,0.1914,354.207,0.305,45.526,01-08 17:52:33.178
115,13.23453,-0.1211,0.4394,-0.2525,332.358,332.685,356.307,-0.2655,0.0275,0.2762,4.203,19.298,306.779,-0.2813,0.0467,0.1932,353.895,1.780,46.934,01-08 17:52:33.218
116,13.27636,-0.1211,0.4393,-0.2531,332.485,332.614,356.180,-0.2655,0.0275,0.2762,4.203,19.299,306.780,-0.2823,0.0462,0.1945,353.563,1.324,47.625,01-08 17:52:33.261
117,13.3182,-0.1205,0.4391,-0.2535,332.524,332.434,356.287,-0.2655,0.0275,0.2762,4.203,19.299,306.780,-0.2860,0.0410,0.1953,353.310,1.962,53.536,01-08 17:52:33.303
118,13.36164,-0.1200,0.4387,-0.2542,332.683,332.463,356.241,-0.2655,0.0275,0.2762,4.203,19.298,306.779,-0.2869,0.0362,0.1978,354.066,3.659,58.331,01-08 17:52:33.346
119,13.4017,-0.1196,0.4382,-0.2548,332.998,332.362,356.192,-0.2655,0.0275,0.2762,4.203,19.299,306.780,-0.2832,0.0370,0.1995,357.965,2.808,53.147,01-08 17:52:33.385
120,13.44268,-0.1194,0.4375,-0.2549,333.310,332.353,356.208,-0.2655,0.0275,0.2762,4.203,19.298,306.779,-0.2803,0.0326,0.2013,358.517,2.734,56.634,01-08 17:52:33.426
121,13.48427,-0.1192,0.4366,-0.2546,333.660,332.354,356.200,-0.2655,0.0275,0.2762,4.202,19.299,306.780,-0.2820,0.0290,0.1984,356.463,4.363,61.272,01-08 17:52:33.469
122,13.52641,-0.1195,0.4352,-0.2541,334.356,332.297,356.086,-0.2655,0.0275,0.2762,4.203,19.299,306.779,-0.2854,0.0266,0.1956,354.595,2.293,65.731,01-08 17:52:33.511
123,13.5678,-0.1206,0.4348,-0.2530,334.940,332.397,355.936,-0.2657,0.0271,0.2761,3.994,19.315,306.725,-0.2845,0.0304,0.1941,351.796,1.802,63.417,01-08 17:52:33.551
124,13.61114,-0.1220,0.4345,-0.2513,335.091,332.094,355.999,-0.2656,0.0269,0.2762,3.977,19.322,306.722,-0.2847,0.0301,0.1932,349.185,1.866,65.243,01-08 17:52:33.594
125,13.65106,-0.1241,0.4343,-0.2492,335.052,331.884,356.153,-0.2647,0.0270,0.2763,3.972,19.338,306.719,-0.2810,0.0276,0.1974,358.722,2.806,59.328,01-08 17:52:33.634
126,13.69302,-0.1263,0.4337,-0.2467,335.003,331.606,356.270,-0.2649,0.0265,0.2768,3.964,19.346,306.716,-0.2781,0.0305,0.2010,1.353,3.805,53.792,01-08 17:52:33.678
127,13.73474,-0.1287,0.4329,-0.2439,335.241,331.294,356.377,-0.2653,0.0258,0.2773,3.959,19.357,306.725,-0.2783,0.0294,0.2017,1.913,3.592,53.540,01-08 17:52:33.719
128,13.77628,-0.1318,0.4322,-0.2403,335.708,331.077,356.431,-0.2651,0.0260,0.2772,3.966,19.373,306.713,-0.2805,0.0285,0.2019,0.794,3.506,54.797,01-08 17:52:33.760
129,13.81789,-0.1348,0.4310,-0.2362,336.223,330.576,356.504,-0.2651,0.0260,0.2772,3.966,19.373,306.713,-0.2808,0.0290,0.2012,0.562,3.486,55.063,01-08 17:52:33.801
130,13.86232,-0.1382,0.4294,-0.2318,337.054,330.218,356.336,-0.2651,0.0260,0.2772,3.966,19.373,306.713,-0.2809,0.0298,0.2004,0.545,3.508,55.072,01-08 17:52:33.847
131,13.90291,-0.1415,0.4278,-0.2269,338.112,329.906,355.961,-0.2678,0.0249,0.2785,2.212,15.451,305.082,-0.2810,0.0313,0.1994,0.536,3.518,55.068,01-08 17:52:33.887
132,13.9439,-0.1450,0.4267,-0.2220,338.854,329.805,355.684,-0.2737,0.0250,0.2851,2.044,8.044,305.074,-0.2811,0.0316,0.1993,0.536,3.522,55.063,01-08 17:52:33.927
133,13.98502,-0.1486,0.4259,-0.2176,339.314,329.671,355.596,-0.2774,0.0241,0.2903,10.310,9.823,312.804,-0.2811,0.0323,0.1990,0.531,3.523,55.059,01-08 17:52:33.969
134,14.02692,-0.1519,0.4256,-0.2137,339.292,329.579,355.804,-0.2757,0.0239,0.2882,4.071,8.951,306.865,-0.2813,0.0328,0.1990,0.678,3.515,54.943,01-08 17:52:34.010
135,14.06826,-0.1550,0.4253,-0.2098,339.367,329.367,356.047,-0.2795,0.0231,0.2907,3.001,5.266,305.927,-0.2814,0.0328,0.1995,1.415,3.533,54.245,01-08 17:52:34.053
136,14.11097,-0.1574,0.4248,-0.2071,339.305,329.371,356.289,-0.2891,0.0227,0.2970,2.808,359.083,305.775,-0.2788,0.0340,0.2012,4.375,4.005,50.441,01-08 17:52:34.095
137,14.15119,-0.1598,0.4242,-0.2049,339.608,329.362,356.350,-0.2934,0.0224,0.3005,3.961,353.996,306.920,-0.2787,0.0337,0.2018,5.077,4.029,49.723,01-08 17:52:34.135
138,14.19373,-0.1619,0.4233,-0.2036,340.060,329.364,356.378,-0.2847,0.0228,0.2950,0.765,359.011,303.576,-0.2785,0.0335,0.2023,5.754,4.084,48.932,01-08 17:52:34.178
139,14.23478,-0.1627,0.4222,-0.2024,340.083,329.293,356.595,-0.2877,0.0237,0.2959,0.568,353.994,303.958,-0.2782,0.0339,0.2014,5.207,4.060,49.526,01-08 17:52:34.219
140,14.27632,-0.1636,0.4214,-0.2023,340.686,329.419,356.617,-0.2959,0.0243,0.2884,0.896,349.214,305.275,-0.2782,0.0342,0.2012,5.126,4.055,49.627,01-08 17:52:34.261
141,14.31801,-0.1647,0.4212,-0.2021,341.206,329.550,356.719,-0.3006,0.0239,0.2812,6.999,347.859,310.282,-0.2781,0.0348,0.2009,5.126,4.048,49.621,01-08 17:52:34.302
142,14.36105,-0.1658,0.4213,-0.2023,341.237,329.650,356.799,-0.2979,0.0296,0.2862,2.474,349.669,312.039,-0.2780,0.0350,0.2009,5.125,4.040,49.615,01-08 17:52:34.346
143,14.40129,-0.1657,0.4223,-0.2019,340.507,329.704,356.994,-0.3030,0.0377,0.2873,1.013,347.011,319.871,-0.2780,0.0353,0.2008,5.126,4.032,49.608,01-08 17:52:34.385
144,14.44309,-0.1658,0.4227,-0.2020,339.928,329.734,357.086,-0.3060,0.0445,0.2832,356.839,346.180,322.192,-0.2780,0.0353,0.2008,5.126,4.032,49.608,01-08 17:52:34.427
145,14.48498,-0.1618,0.4232,-0.2049,340.308,330.080,357.205,-0.3138,0.0592,0.2767,345.810,338.153,326.158,-0.2780,0.0353,0.2008,5.126,4.032,49.608,01-08 17:52:34.468
146,14.52651,-0.1588,0.4229,-0.2076,340.961,330.562,356.983,-0.3133,0.0759,0.2728,335.265,334.897,331.991,-0.2780,0.0353,0.2008,5.126,4.032,49.608,01-08 17:52:34.511
147,14.56824,-0.1554,0.4232,-0.2102,341.109,330.904,356.878,-0.3131,0.0997,0.2668,325.248,323.065,345.986,-0.2780,0.0353,0.2008,5.126,4.032,49.608,01-08 17:52:34.553
148,14.61108,-0.1511,0.4241,-0.2133,341.017,331.457,356.975,-0.3101,0.1261,0.2597,323.065,314.523,357.114,-0.2780,0.0353,0.2008,5.126,4.032,49.608,01-08 17:52:34.596
149,14.65142,-0.1459,0.4248,-0.2172,340.919,332.303,357.217,-0.2962,0.1575,0.2419,313.113,336.153,324.481,-0.2780,0.0353,0.2008,5.126,4.032,49.608,01-08 17:52:34.635
150,14.69309,-0.1394,0.4254,-0.2211,341.165,333.252,357.800,-0.2799,0.1883,0.2241,318.140,342.607,304.396,-0.2780,0.0353,0.2008,5.126,4.032,49.608,01-08 17:52:34.677
151,14.73509,-0.1324,0.4253,-0.2244,340.799,334.703,358.163,-0.2543,0.2200,0.2082,322.277,347.515,285.560,-0.2780,0.0353,0.2008,5.126,4.032,49.608,01-08 17:52:34.719
152,14.77664,-0.1248,0.4261,-0.2276,340.278,336.331,359.282,-0.2124,0.2485,0.1899,329.582,358.215,269.467,-0.2780,0.0353,0.2008,5.126,4.032,49.608,01-08 17:52:34.761
153,14.81831,-0.1176,0.4261,-0.2301,340.044,338.420,359.679,-0.1742,0.2729,0.1711,321.012,345.809,273.168,-0.2780,0.0353,0.2008,5.126,4.032,49.608,01-08 17:52:34.803
154,14.86012,-0.1100,0.4265,-0.2324,339.997,340.118,0.121,-0.1385,0.3001,0.1522,315.318,328.767,294.153,-0.2780,0.0353,0.2008,5.126,4.032,49.608,01-08 17:52:34.844
155,14.9016,-0.1021,0.4264,-0.2351,340.364,342.292,0.373,-0.0954,0.3173,0.1312,307.199,333.231,304.813,-0.2780,0.0353,0.2008,5.126,4.032,49.608,01-08 17:52:34.886
156,14.94333,-0.0934,0.4258,-0.2368,340.563,344.417,0.856,-0.0560,0.3323,0.1166,300.285,328.983,313.624,-0.2780,0.0353,0.2008,5.126,4.032,49.608,01-08 17:52:34.927
157,14.98521,-0.0846,0.4251,-0.2390,340.902,346.944,1.338,-0.0217,0.3411,0.1064,303.634,318.533,321.511,-0.2780,0.0353,0.2008,5.126,4.031,49.608,01-08 17:52:34.969
158,15.02678,-0.0753,0.4248,-0.2398,341.379,349.974,1.965,0.0050,0.3387,0.0972,302.112,337.572,299.007,-0.2780,0.0353,0.2008,5.126,4.032,49.608,01-08 17:52:35.011
159,15.06831,-0.0654,0.4241,-0.2399,341.519,353.335,2.432,0.0196,0.3355,0.0919,310.351,324.894,309.557,-0.2780,0.0353,0.2008,5.126,4.032,49.608,01-08 17:52:35.053
160,15.10991,-0.0562,0.4232,-0.2401,342.092,356.633,2.485,0.0401,0.3366,0.0830,313.513,324.606,311.630,-0.2780,0.0353,0.2008,5.126,4.032,49.608,01-08 17:52:35.093
161,15.15166,-0.0467,0.4228,-0.2399,342.301,359.432,2.995,0.0583,0.3364,0.0755,313.418,319.969,320.013,-0.2780,0.0353,0.2008,5.126,4.032,49.608,01-08 17:52:35.135
162,15.19352,-0.0386,0.4225,-0.2397,342.449,2.058,3.011,0.0811,0.3386,0.0737,313.691,323.005,324.886,-0.2780,0.0353,0.2008,5.126,4.032,49.608,01-08 17:52:35.177
163,15.23494,-0.0306,0.4225,-0.2402,342.724,4.480,3.093,0.1073,0.3395,0.0738,314.926,327.494,326.405,-0.2780,0.0353,0.2008,5.126,4.032,49.608,01-08 17:52:35.218
164,15.27696,-0.0231,0.4223,-0.2405,343.027,6.583,2.978,0.1382,0.3396,0.0676,309.880,326.119,327.711,-0.2780,0.0353,0.2008,5.126,4.032,49.608,01-08 17:52:35.261
165,15.31944,-0.0169,0.4223,-0.2411,343.352,8.533,2.692,0.1716,0.3423,0.0707,315.714,342.888,322.244,-0.2780,0.0353,0.2008,5.126,4.032,49.608,01-08 17:52:35.304
166,15.36178,-0.0113,0.4220,-0.2411,343.475,9.984,2.343,0.2049,0.3438,0.0652,314.174,353.241,308.994,-0.2780,0.0353,0.2008,5.126,4.032,49.608,01-08 17:52:35.346
167,15.40161,-0.0066,0.4217,-0.2416,343.733,11.309,2.122,0.2353,0.3416,0.0603,314.092,2.197,291.002,-0.2780,0.0353,0.2008,5.126,4.032,49.608,01-08 17:52:35.386
168,15.44355,-0.0029,0.4212,-0.2420,343.934,12.396,1.944,0.2568,0.3405,0.0493,309.597,3.122,288.199,-0.2780,0.0353,0.2008,5.126,4.032,49.608,01-08 17:52:35.427
169,15.48691,-0.0001,0.4208,-0.2424,344.018,13.334,1.826,0.2750,0.3419,0.0329,315.539,15.279,295.669,-0.2780,0.0353,0.2008,5.126,4.032,49.608,01-08 17:52:35.470
170,15.52688,0.0020,0.4207,-0.2427,344.066,14.146,1.773,0.3000,0.3309,0.0102,313.134,64.760,251.823,-0.2780,0.0353,0.2008,5.126,4.032,49.608,01-08 17:52:35.510
171,15.5686,0.0034,0.4207,-0.2433,344.167,14.596,1.769,0.3051,0.3299,0.0027,310.966,70.119,248.162,-0.2780,0.0353,0.2008,5.126,4.032,49.608,01-08 17:52:35.553
172,15.61063,0.0042,0.4207,-0.2439,344.015,14.790,1.817,0.2942,0.3440,0.0085,300.298,33.069,281.344,-0.2780,0.0353,0.2008,5.126,4.032,49.608,01-08 17:52:35.595
173,15.65217,0.0045,0.4204,-0.2446,344.190,14.888,1.661,0.2739,0.3491,0.0234,309.311,15.518,295.349,-0.2780,0.0353,0.2008,5.126,4.032,49.608,01-08 17:52:35.637
174,15.69356,0.0044,0.4200,-0.2454,344.416,14.854,1.544,0.2464,0.3606,0.0306,307.774,358.202,314.988,-0.2780,0.0353,0.2008,5.126,4.032,49.608,01-08 17:52:35.677
175,15.73559,0.0043,0.4197,-0.2460,344.782,14.774,1.242,0.2134,0.3677,0.0398,310.744,347.598,332.930,-0.2780,0.0353,0.2008,5.126,4.032,49.608,01-08 17:52:35.719
176,15.7772,0.0027,0.4190,-0.2468,345.258,14.410,1.000,0.1792,0.3705,0.0487,311.632,341.097,343.685,-0.2780,0.0353,0.2008,5.126,4.032,49.608,01-08 17:52:35.762
177,15.81862,0.0007,0.4184,-0.2468,345.598,13.757,0.850,0.1417,0.3686,0.0586,311.597,334.425,356.435,-0.2780,0.0353,0.2008,5.126,4.032,49.608,01-08 17:52:35.803
178,15.86038,-0.0015,0.4177,-0.2461,345.865,13.060,0.746,0.1078,0.3671,0.0632,310.161,324.110,9.480,-0.2780,0.0353,0.2008,5.126,4.032,49.609,01-08 17:52:35.845
179,15.9016,-0.0041,0.4171,-0.2455,346.115,12.299,0.614,0.0785,0.3654,0.0682,309.869,316.537,13.908,-0.2780,0.0353,0.2008,5.126,4.032,49.608,01-08 17:52:35.886
180,15.94415,-0.0077,0.4162,-0.2448,346.351,11.345,0.556,0.0559,0.3648,0.0720,308.484,315.640,15.018,-0.2780,0.0353,0.2008,5.126,4.032,49.608,01-08 17:52:35.927
181,15.98544,-0.0114,0.4162,-0.2434,346.583,10.308,0.606,0.0353,0.3662,0.0732,307.944,314.494,16.518,-0.2780,0.0353,0.2008,5.126,4.032,49.608,01-08 17:52:35.969
182,16.0268,-0.0155,0.4159,-0.2423,346.737,9.264,0.770,0.0221,0.3688,0.0748,306.334,314.433,13.481,-0.2780,0.0353,0.2008,5.126,4.032,49.608,01-08 17:52:36.010
183,16.06826,-0.0197,0.4154,-0.2414,346.745,8.398,0.964,0.0118,0.3706,0.0766,304.704,316.396,12.018,-0.2780,0.0353,0.2008,5.126,4.032,49.608,01-08 17:52:36.052
184,16.11042,-0.0235,0.4151,-0.2406,346.881,7.734,1.143,0.0087,0.3715,0.0771,302.853,321.100,9.584,-0.2780,0.0353,0.2008,5.126,4.032,49.608,01-08 17:52:36.094
185,16.15195,-0.0271,0.4147,-0.2402,346.949,7.270,1.392,0.0066,0.3716,0.0793,303.014,323.240,9.496,-0.2780,0.0353,0.2008,5.126,4.032,49.608,01-08 17:52:36.135
186,16.19342,-0.0305,0.4144,-0.2399,347.065,6.881,1.637,0.0057,0.3712,0.0805,302.744,321.304,11.532,-0.2780,0.0353,0.2008,5.126,4.032,49.608,01-08 17:52:36.177
187,16.23502,-0.0337,0.4137,-0.2402,347.224,6.478,1.916,0.0094,0.3705,0.0818,303.037,323.572,10.421,-0.2780,0.0353,0.2008,5.126,4.032,49.608,01-08 17:52:36.219
188,16.27749,-0.0361,0.4131,-0.2399,347.474,6.252,2.213,0.0209,0.3704,0.0857,303.826,330.218,3.055,-0.2780,0.0353,0.2008,5.126,4.032,49.608,01-08 17:52:36.262
189,16.31869,-0.0382,0.4124,-0.2401,347.893,6.297,2.452,0.0430,0.3724,0.0897,304.776,335.667,355.510,-0.2780,0.0353,0.2008,5.126,4.032,49.608,01-08 17:52:36.303
190,16.36072,-0.0399,0.4119,-0.2404,348.188,6.156,2.625,0.0572,0.3733,0.0915,306.931,330.358,2.021,-0.2780,0.0353,0.2008,5.126,4.032,49.608,01-08 17:52:36.344
191,16.40921,-0.0411,0.4120,-0.2408,348.272,5.993,2.726,0.0819,0.3715,0.0939,303.466,340.667,355.485,-0.2780,0.0353,0.2008,5.126,4.032,49.608,01-08 17:52:36.393
192,16.4442,-0.0413,0.4126,-0.2407,347.859,5.858,3.052,0.1061,0.3719,0.0988,303.815,352.508,346.447,-0.2780,0.0353,0.2008,5.126,4.032,49.608,01-08 17:52:36.427
193,16.48561,-0.0419,0.4129,-0.2408,347.534,5.915,3.143,0.1245,0.3713,0.1032,303.213,0.949,341.670,-0.2780,0.0353,0.2008,5.126,4.032,49.608,01-08 17:52:36.469
194,16.52703,-0.0408,0.4133,-0.2408,347.526,6.185,3.061,0.1307,0.3675,0.1071,304.491,4.898,342.126,-0.2780,0.0353,0.2008,5.126,4.032,49.608,01-08 17:52:36.510
195,16.56865,-0.0394,0.4130,-0.2411,347.879,6.346,2.905,0.1112,0.3639,0.1124,306.559,355.400,351.472,-0.2780,0.0353,0.2008,5.126,4.032,49.608,01-08 17:52:36.553
196,16.61062,-0.0379,0.4135,-0.2405,347.854,6.498,2.829,0.0887,0.3601,0.1153,307.781,349.264,358.627,-0.2780,0.0353,0.2008,5.126,4.032,49.608,01-08 17:52:36.594
197,16.65199,-0.0365,0.4137,-0.2402,347.643,6.653,2.609,0.0647,0.3574,0.1168,309.079,344.161,1.085,-0.2780,0.0353,0.2008,5.126,4.032,49.608,01-08 17:52:36.636
198,16.69394,-0.0357,0.4140,-0.2401,347.502,6.714,2.382,0.0321,0.3526,0.1139,310.288,335.018,9.854,-0.2780,0.0353,0.2008,5.126,4.032,49.608,01-08 17:52:36.678
199,16.73557,-0.0361,0.4142,-0.2401,347.595,6.304,1.807,-0.0047,0.3458,0.1056,311.152,320.958,22.686,-0.2780,0.0353,0.2008,5.126,4.032,49.608,01-08 17:52:36.719
200,16.77716,-0.0392,0.4154,-0.2397,347.177,5.439,1.416,-0.0362,0.3385,0.1012,313.926,314.960,27.512,-0.2780,0.0353,0.2008,5.126,4.032,49.608,01-08 17:52:36.760
201,16.81888,-0.0432,0.4171,-0.2390,346.551,4.285,1.063,-0.0636,0.3323,0.0979,313.825,316.635,26.995,-0.2780,0.0353,0.2008,5.126,4.032,49.608,01-08 17:52:36.803
202,16.86055,-0.0486,0.4184,-0.2381,345.570,2.627,0.646,-0.0982,0.3241,0.0960,319.718,309.212,31.355,-0.2780,0.0353,0.2008,5.126,4.032,49.608,01-08 17:52:36.844
203,16.90196,-0.0559,0.4209,-0.2372,344.805,0.761,359.897,-0.1274,0.3167,0.1025,323.998,310.777,27.737,-0.2780,0.0353,0.2008,5.126,4.032,49.608,01-08 17:52:36.886
204,16.94375,-0.0647,0.4242,-0.2352,343.390,358.748,359.232,-0.1618,0.3001,0.1094,332.097,303.554,27.592,-0.2780,0.0353,0.2008,5.126,4.032,49.608,01-08 17:52:36.927
205,16.98576,-0.0744,0.4281,-0.2326,341.358,356.881,357.990,-0.1966,0.2776,0.1204,343.365,302.824,25.683,-0.2780,0.0353,0.2008,5.126,4.032,49.608,01-08 17:52:36.970
206,17.02765,-0.0844,0.4322,-0.2307,338.299,353.283,357.291,-0.2282,0.2485,0.1352,356.167,302.675,23.161,-0.2780,0.0353,0.2008,5.126,4.032,49.608,01-08 17:52:37.012
207,17.06892,-0.0961,0.4367,-0.2307,335.251,350.668,355.839,-0.2585,0.2074,0.1406,10.632,297.987,28.370,-0.2780,0.0353,0.2008,5.126,4.032,49.608,01-08 17:52:37.053
208,17.11076,-0.1059,0.4419,-0.2314,332.251,347.860,355.679,-0.2813,0.1810,0.1547,13.493,303.988,29.125,-0.2780,0.0353,0.2008,5.126,4.032,49.608,01-08 17:52:37.094
209,17.15217,-0.1157,0.4461,-0.2324,329.481,345.943,355.697,-0.3018,0.1535,0.1695,18.785,308.307,33.260,-0.2780,0.0353,0.2008,5.126,4.032,49.608,01-08 17:52:37.136
210,17.19386,-0.1244,0.4486,-0.2327,327.481,343.614,355.689,-0.3183,0.1276,0.1838,21.686,311.662,42.272,-0.2780,0.0353,0.2008,5.126,4.032,49.608,01-08 17:52:37.177
211,17.23578,-0.1325,0.4506,-0.2320,326.427,342.029,355.415,-0.3311,0.1011,0.1963,22.040,316.243,58.421,-0.2780,0.0353,0.2008,5.126,4.032,49.608,01-08 17:52:37.219
212,17.27729,-0.1393,0.4503,-0.2316,326.297,340.230,355.626,-0.3333,0.0808,0.2116,29.045,312.278,54.160,-0.2780,0.0353,0.2008,5.126,4.032,49.608,01-08 17:52:37.260
213,17.31913,-0.1453,0.4500,-0.2301,326.217,338.865,356.276,-0.3379,0.0645,0.2255,36.470,308.793,45.947,-0.2780,0.0353,0.2008,5.126,4.032,49.608,01-08 17:52:37.304
214,17.36164,-0.1508,0.4484,-0.2282,326.234,337.856,357.083,-0.3393,0.0525,0.2329,38.545,325.634,74.960,-0.2779,0.0367,0.2004,1.477,5.392,52.322,01-08 17:52:37.346
215,17.40263,-0.1556,0.4469,-0.2261,327.082,337.278,357.738,-0.3417,0.0733,0.2421,19.075,323.063,64.699,-0.2657,0.0343,0.2169,29.680,6.242,34.320,01-08 17:52:37.386
216,17.44354,-0.1598,0.4449,-0.2235,328.106,337.286,357.689,-0.3430,0.0753,0.2485,23.887,322.567,52.879,-0.2635,0.0336,0.2117,16.078,6.062,34.440,01-08 17:52:37.428
217,17.48547,-0.1633,0.4432,-0.2214,328.761,336.664,357.711,-0.3446,0.0681,0.2522,27.320,323.038,50.847,-0.2653,0.0356,0.2094,13.421,6.334,36.754,01-08 17:52:37.469
218,17.52758,-0.1663,0.4421,-0.2197,329.317,336.017,357.758,-0.3493,0.0583,0.2528,34.132,326.469,54.154,-0.2682,0.0340,0.2078,12.256,7.234,41.191,01-08 17:52:37.512
219,17.57183,-0.1692,0.4413,-0.2182,329.343,335.151,358.112,-0.3579,0.0571,0.2529,34.041,324.605,52.920,-0.2728,0.0328,0.2062,8.801,8.457,47.333,01-08 17:52:37.556
220,17.6108,-0.1717,0.4405,-0.2170,329.568,334.425,358.187,-0.3663,0.0567,0.2515,34.051,322.969,46.019,-0.2735,0.0344,0.2041,5.461,9.321,48.940,01-08 17:52:37.595
221,17.65232,-0.1734,0.4396,-0.2162,329.811,333.613,358.497,-0.3673,0.0462,0.2520,43.503,327.427,36.158,-0.2700,0.0329,0.2076,12.074,7.613,42.948,01-08 17:52:37.636
222,17.69451,-0.1748,0.4383,-0.2158,330.208,332.997,358.391,-0.3672,0.0308,0.2512,54.997,326.939,25.327,-0.2688,0.0339,0.2077,12.237,7.669,41.575,01-08 17:52:37.679
223,17.73602,-0.1763,0.4372,-0.2158,330.811,332.659,358.246,-0.3667,0.0445,0.2489,33.187,333.071,28.156,-0.2741,0.0328,0.2058,7.652,9.515,49.007,01-08 17:52:37.720
224,17.77786,-0.1771,0.4362,-0.2158,331.329,332.383,358.136,-0.3666,0.0479,0.2503,33.654,333.777,27.748,-0.2702,0.0331,0.2086,12.509,7.839,42.386,01-08 17:52:37.762
225,17.82017,-0.1783,0.4351,-0.2165,331.731,332.223,357.951,-0.3611,0.0483,0.2512,32.507,339.017,28.247,-0.2736,0.0336,0.2065,8.826,8.730,46.406,01-08 17:52:37.805
226,17.86146,-0.1797,0.4341,-0.2176,332.391,331.797,357.723,-0.3506,0.0484,0.2546,32.608,345.604,22.809,-0.2718,0.0335,0.2080,11.298,8.160,43.427,01-08 17:52:37.845
227,17.90231,-0.1809,0.4332,-0.2187,332.708,331.252,357.937,-0.3415,0.0490,0.2542,31.158,346.439,17.117,-0.2732,0.0338,0.2069,9.893,8.505,45.216,01-08 17:52:37.887
228,17.94578,-0.1820,0.4323,-0.2197,332.921,330.810,358.149,-0.3397,0.0453,0.2512,30.606,351.381,28.364,-0.2727,0.0338,0.2072,10.426,8.382,44.554,01-08 17:52:37.930
229,17.98616,-0.1823,0.4319,-0.2204,332.957,330.992,358.277,-0.3414,0.0440,0.2471,26.449,356.532,32.709,-0.2724,0.0339,0.2071,10.101,9.031,45.111,01-08 17:52:37.969
230,18.02747,-0.1824,0.4321,-0.2213,332.864,331.315,358.400,-0.3433,0.0443,0.2455,27.365,351.482,27.070,-0.2724,0.0343,0.2072,10.130,9.034,45.066,01-08 17:52:38.011
231,18.06938,-0.1825,0.4322,-0.2222,332.784,331.418,358.530,-0.3447,0.0440,0.2433,25.448,353.014,30.661,-0.2726,0.0344,0.2071,9.990,9.085,45.237,01-08 17:52:38.053
232,18.11132,-0.1827,0.4325,-0.2230,332.727,331.319,358.471,-0.3443,0.0441,0.2396,22.098,353.523,28.462,-0.2723,0.0350,0.2067,10.071,9.069,45.149,01-08 17:52:38.096
233,18.15301,-0.1828,0.4328,-0.2237,332.687,330.953,358.433,-0.3451,0.0440,0.2379,20.771,354.773,31.780,-0.2724,0.0350,0.2068,10.055,9.070,45.158,01-08 17:52:38.137
234,18.19436,-0.1825,0.4329,-0.2240,332.692,330.761,358.350,-0.3462,0.0465,0.2354,21.929,355.549,34.707,-0.2725,0.0354,0.2064,10.109,9.036,45.068,01-08 17:52:38.179
235,18.23599,-0.1820,0.4327,-0.2238,332.862,330.818,358.204,-0.3474,0.0468,0.2321,20.889,356.116,37.485,-0.2722,0.0356,0.2062,10.114,9.027,45.053,01-08 17:52:38.220
236,18.2778,-0.1811,0.4323,-0.2233,333.086,331.122,358.187,-0.3471,0.0453,0.2290,21.068,353.579,33.350,-0.2724,0.0356,0.2063,10.138,9.023,45.021,01-08 17:52:38.261
237,18.31976,-0.1796,0.4321,-0.2221,333.243,331.546,358.181,-0.3475,0.0457,0.2307,23.481,351.737,31.681,-0.2721,0.0359,0.2062,10.169,9.022,44.982,01-08 17:52:38.304
238,18.36147,-0.1782,0.4321,-0.2218,333.508,331.893,357.945,-0.3454,0.0466,0.2311,24.308,350.030,27.283,-0.2719,0.0360,0.2061,10.155,9.099,45.005,01-08 17:52:38.345
239,18.40274,-0.1768,0.4324,-0.2212,333.585,332.229,357.708,-0.3450,0.0467,0.2304,24.662,348.932,25.421,-0.2718,0.0360,0.2064,9.998,9.576,45.264,01-08 17:52:38.387
240,18.44512,-0.1753,0.4330,-0.2217,333.478,332.390,357.470,-0.3450,0.0454,0.2315,26.247,345.799,20.631,-0.2714,0.0364,0.2060,9.932,9.752,45.367,01-08 17:52:38.429
241,18.48606,-0.1743,0.4339,-0.2223,333.373,332.408,357.299,-0.3459,0.0275,0.2372,36.025,353.068,30.057,-0.2715,0.0365,0.2059,9.946,9.679,45.346,01-08 17:52:38.471
242,18.52801,-0.1732,0.4348,-0.2235,333.249,332.366,357.272,-0.3433,0.0348,0.2358,17.721,350.948,29.355,-0.2715,0.0366,0.2059,9.945,9.676,45.348,01-08 17:52:38.512
243,18.56963,-0.1731,0.4356,-0.2258,333.147,332.810,357.517,-0.3465,0.0378,0.2359,19.990,359.480,52.750,-0.2713,0.0366,0.2060,9.943,9.670,45.348,01-08 17:52:38.554
244,18.61106,-0.1729,0.4369,-0.2275,332.682,333.102,357.799,-0.3469,0.0380,0.2358,16.185,2.817,60.410,-0.2713,0.0367,0.2060,9.939,9.673,45.352,01-08 17:52:38.595
245,18.65232,-0.1730,0.4383,-0.2292,331.731,333.100,358.255,-0.3467,0.0379,0.2359,11.856,3.496,67.255,-0.2712,0.0368,0.2058,9.925,9.675,45.365,01-08 17:52:38.637
246,18.69442,-0.1724,0.4397,-0.2308,330.603,332.973,359.066,-0.3511,0.0293,0.2332,13.264,5.233,69.803,-0.2708,0.0367,0.2055,9.930,9.675,45.354,01-08 17:52:38.678
247,18.73614,-0.1709,0.4410,-0.2318,329.564,333.183,359.779,-0.3518,0.0290,0.2341,16.244,4.693,65.805,-0.2706,0.0367,0.2054,9.927,9.678,45.355,01-08 17:52:38.720
248,18.77771,-0.1680,0.4419,-0.2330,328.709,333.515,0.275,-0.3537,0.0293,0.2347,17.458,4.249,64.324,-0.2706,0.0367,0.2052,9.919,9.681,45.363,01-08 17:52:38.762
249,18.81931,-0.1641,0.4429,-0.2343,328.318,334.312,0.539,-0.3561,0.0298,0.2345,17.720,4.105,63.896,-0.2706,0.0367,0.2052,9.916,9.684,45.364,01-08 17:52:38.803
250,18.86164,-0.1587,0.4425,-0.2353,328.116,335.038,0.617,-0.3584,0.0298,0.2340,17.039,4.291,64.756,-0.2706,0.0367,0.2051,9.915,9.683,45.366,01-08 17:52:38.846
251,18.90259,-0.1522,0.4431,-0.2359,328.248,336.228,0.205,-0.3561,0.0287,0.2357,17.566,2.825,62.759,-0.2706,0.0367,0.2051,9.915,9.683,45.365,01-08 17:52:38.886
252,18.94405,-0.1448,0.4435,-0.2356,327.631,337.009,359.942,-0.3569,0.0282,0.2373,17.505,2.636,62.464,-0.2706,0.0367,0.2051,9.915,9.683,45.365,01-08 17:52:38.928
253,18.97963,-0.1397,0.4442,-0.2356,327.676,337.767,359.787,-0.3562,0.0278,0.2376,17.424,2.341,61.993,-0.2706,0.0367,0.2051,9.915,9.683,45.366,01-08 17:52:38.964
254,19.0139,-0.1320,0.4444,-0.2354,327.692,338.984,359.139,-0.3559,0.0279,0.2371,17.428,2.343,61.991,-0.2706,0.0367,0.2051,9.915,9.683,45.365,01-08 17:52:38.997
255,19.05535,-0.1248,0.4450,-0.2352,327.849,340.006,358.414,-0.3559,0.0279,0.2371,17.427,2.343,61.991,-0.2706,0.0367,0.2051,9.915,9.683,45.365,01-08 17:52:39.038
256,19.09849,-0.1190,0.4451,-0.2351,328.117,340.563,357.403,-0.3559,0.0279,0.2371,17.427,2.343,61.991,-0.2706,0.0367,0.2051,9.915,9.683,45.365,01-08 17:52:39.083
257,19.1365,-0.1153,0.4451,-0.2350,328.319,340.945,356.942,-0.3559,0.0279,0.2371,17.428,2.343,61.991,-0.2706,0.0367,0.2051,9.915,9.683,45.366,01-08 17:52:39.120
258,19.183,-0.1103,0.4446,-0.2343,328.708,341.611,355.996,-0.3559,0.0279,0.2371,17.428,2.343,61.991,-0.2706,0.0367,0.2051,9.915,9.683,45.366,01-08 17:52:39.167
259,19.22246,-0.1069,0.4446,-0.2335,329.024,342.026,355.579,-0.3559,0.0279,0.2371,17.427,2.343,61.991,-0.2706,0.0367,0.2051,9.915,9.683,45.365,01-08 17:52:39.207
260,19.26521,-0.1049,0.4444,-0.2333,329.024,342.529,355.271,-0.3559,0.0279,0.2371,17.427,2.343,61.991,-0.2706,0.0367,0.2051,9.915,9.683,45.365,01-08 17:52:39.249
261,19.30636,-0.1035,0.4447,-0.2325,329.014,342.852,355.184,-0.3559,0.0279,0.2371,17.427,2.343,61.991,-0.2706,0.0367,0.2051,9.915,9.683,45.365,01-08 17:52:39.291
262,19.34786,-0.1023,0.4444,-0.2320,328.852,343.188,355.167,-0.3559,0.0279,0.2371,17.428,2.343,61.991,-0.2706,0.0367,0.2051,9.915,9.683,45.365,01-08 17:52:39.331
263,19.39048,-0.1009,0.4440,-0.2315,328.947,343.708,355.106,-0.3559,0.0279,0.2371,17.428,2.343,61.991,-0.2706,0.0367,0.2051,9.915,9.683,45.365,01-08 17:52:39.375
264,19.43181,-0.0999,0.4433,-0.2315,329.223,344.316,354.948,-0.3559,0.0279,0.2371,17.427,2.343,61.991,-0.2706,0.0367,0.2051,9.915,9.683,45.366,01-08 17:52:39.415
265,19.47351,-0.0995,0.4429,-0.2320,329.660,344.787,355.000,-0.3559,0.0279,0.2371,17.428,2.343,61.990,-0.2706,0.0367,0.2051,9.915,9.683,45.365,01-08 17:52:39.457
266,19.51487,-0.0994,0.4424,-0.2322,329.868,344.802,354.979,-0.3559,0.0279,0.2371,17.428,2.343,61.991,-0.2706,0.0367,0.2051,9.915,9.683,45.366,01-08 17:52:39.498
267,19.55844,-0.1009,0.4421,-0.2329,330.137,344.529,355.061,-0.3559,0.0279,0.2371,17.428,2.343,61.991,-0.2706,0.0367,0.2051,9.915,9.683,45.366,01-08 17:52:39.542
268,19.59785,-0.1023,0.4423,-0.2329,330.057,344.110,355.172,-0.3559,0.0279,0.2371,17.428,2.343,61.991,-0.2706,0.0367,0.2051,9.915,9.683,45.365,01-08 17:52:39.581
269,19.64038,-0.1036,0.4422,-0.2332,329.941,343.703,355.322,-0.3559,0.0279,0.2371,17.428,2.343,61.991,-0.2706,0.0367,0.2051,9.915,9.683,45.365,01-08 17:52:39.625
270,19.68178,-0.1041,0.4420,-0.2331,329.930,343.730,355.319,-0.3559,0.0279,0.2371,17.428,2.343,61.990,-0.2706,0.0367,0.2051,9.915,9.683,45.365,01-08 17:52:39.665
271,19.72413,-0.1046,0.4417,-0.2336,329.989,343.653,355.395,-0.3559,0.0279,0.2371,17.428,2.343,61.991,-0.2706,0.0367,0.2051,9.915,9.683,45.365,01-08 17:52:39.708
272,19.76481,-0.1049,0.4415,-0.2341,330.051,343.684,355.482,-0.3559,0.0279,0.2371,17.428,2.343,61.991,-0.2706,0.0367,0.2051,9.915,9.683,45.365,01-08 17:52:39.748
273,19.80645,-0.1049,0.4416,-0.2347,330.034,343.716,355.489,-0.3559,0.0279,0.2371,17.427,2.343,61.991,-0.2706,0.0367,0.2051,9.915,9.683,45.366,01-08 17:52:39.790
274,19.85551,-0.1046,0.4420,-0.2354,329.834,343.627,355.632,-0.3559,0.0279,0.2371,17.427,2.343,61.991,-0.2706,0.0367,0.2051,9.915,9.683,45.365,01-08 17:52:39.840
275,19.88981,-0.1044,0.4421,-0.2358,329.798,343.609,355.660,-0.3559,0.0279,0.2371,17.427,2.343,61.991,-0.2706,0.0367,0.2051,9.915,9.683,45.366,01-08 17:52:39.874
276,19.9352,-0.1041,0.4420,-0.2359,329.855,343.538,355.701,-0.3559,0.0279,0.2371,17.428,2.343,61.991,-0.2706,0.0367,0.2051,9.915,9.683,45.365,01-08 17:52:39.919
277,19.97246,-0.1037,0.4420,-0.2359,330.009,343.574,355.651,-0.3559,0.0279,0.2371,17.428,2.343,61.991,-0.2706,0.0367,0.2051,9.915,9.683,45.365,01-08 17:52:39.956
278,20.01407,-0.1034,0.4417,-0.2359,330.263,343.723,355.526,-0.3559,0.0279,0.2371,17.428,2.343,61.991,-0.2706,0.0367,0.2051,9.914,9.684,45.365,01-08 17:52:39.999
279,20.0558,-0.1032,0.4413,-0.2355,330.255,343.691,355.569,-0.3559,0.0279,0.2371,17.427,2.343,61.991,-0.2706,0.0367,0.2051,9.915,9.683,45.365,01-08 17:52:40.039
280,20.09812,-0.1031,0.4411,-0.2353,330.365,343.675,355.574,-0.3559,0.0279,0.2371,17.428,2.343,61.991,-0.2706,0.0367,0.2051,9.915,9.683,45.365,01-08 17:52:40.083
281,20.13995,-0.1031,0.4410,-0.2350,330.460,343.550,355.647,-0.3559,0.0279,0.2371,17.428,2.343,61.991,-0.2706,0.0367,0.2051,9.915,9.683,45.365,01-08 17:52:40.123
282,20.1818,-0.1033,0.4408,-0.2348,330.473,343.535,355.602,-0.3559,0.0279,0.2371,17.427,2.343,61.991,-0.2706,0.0367,0.2051,9.915,9.683,45.365,01-08 17:52:40.166
283,20.22349,-0.1038,0.4408,-0.2346,330.391,343.492,355.559,-0.3559,0.0279,0.2371,17.427,2.343,61.991,-0.2706,0.0367,0.2051,9.915,9.683,45.365,01-08 17:52:40.208
284,20.26537,-0.1043,0.4408,-0.2346,330.349,343.331,355.653,-0.3559,0.0279,0.2371,17.428,2.343,61.991,-0.2706,0.0367,0.2051,9.915,9.683,45.365,01-08 17:52:40.250
285,20.30685,-0.1047,0.4404,-0.2347,330.431,343.088,355.817,-0.3559,0.0279,0.2371,17.428,2.343,61.991,-0.2706,0.0367,0.2051,9.915,9.683,45.365,01-08 17:52:40.291
286,20.34814,-0.1050,0.4398,-0.2352,330.694,342.914,355.892,-0.3559,0.0279,0.2371,17.428,2.343,61.991,-0.2706,0.0367,0.2051,9.915,9.683,45.366,01-08 17:52:40.333
287,20.39038,-0.1054,0.4394,-0.2356,330.896,342.766,355.963,-0.3559,0.0279,0.2371,17.428,2.343,61.991,-0.2706,0.0367,0.2051,9.915,9.683,45.365,01-08 17:52:40.375
288,20.43149,-0.1057,0.4390,-0.2361,330.986,342.597,356.035,-0.3559,0.0279,0.2371,17.428,2.343,61.991,-0.2706,0.0367,0.2051,9.915,9.683,45.365,01-08 17:52:40.415
289,20.47235,-0.1060,0.4388,-0.2367,331.139,342.582,355.978,-0.3559,0.0279,0.2371,17.428,2.343,61.991,-0.2706,0.0367,0.2051,9.915,9.683,45.365,01-08 17:52:40.456
290,20.51541,-0.1063,0.4386,-0.2372,331.139,342.409,356.027,-0.3559,0.0279,0.2371,17.428,2.343,61.991,-0.2706,0.0367,0.2051,9.915,9.683,45.365,01-08 17:52:40.500
291,20.55708,-0.1065,0.4386,-0.2377,331.080,342.290,356.113,-0.3559,0.0279,0.2371,17.428,2.343,61.991,-0.2706,0.0367,0.2051,9.915,9.683,45.365,01-08 17:52:40.541
292,20.59921,-0.1065,0.4386,-0.2382,331.099,342.288,356.142,-0.3559,0.0279,0.2371,17.427,2.343,61.991,-0.2706,0.0367,0.2051,9.915,9.683,45.366,01-08 17:52:40.583
293,20.64261,-0.1063,0.4386,-0.2386,331.071,342.296,356.243,-0.3559,0.0279,0.2371,17.428,2.343,61.991,-0.2706,0.0367,0.2051,9.915,9.683,45.366,01-08 17:52:40.627
294,20.68211,-0.1061,0.4384,-0.2390,331.187,342.377,356.191,-0.3559,0.0279,0.2371,17.428,2.343,61.991,-0.2706,0.0367,0.2051,9.915,9.683,45.365,01-08 17:52:40.666
295,20.72335,-0.1058,0.4384,-0.2394,331.183,342.420,356.210,-0.3559,0.0279,0.2371,17.428,2.343,61.991,-0.2706,0.0367,0.2051,9.915,9.683,45.365,01-08 17:52:40.707
296,20.76511,-0.1057,0.4385,-0.2394,331.169,342.467,356.175,-0.3559,0.0279,0.2371,17.427,2.343,61.991,-0.2706,0.0367,0.2051,9.915,9.683,45.365,01-08 17:52:40.749
297,20.80688,-0.1056,0.4385,-0.2394,331.171,342.379,356.192,-0.3559,0.0279,0.2371,17.427,2.343,61.991,-0.2706,0.0367,0.2051,9.915,9.683,45.365,01-08 17:52:40.791
298,20.85046,-0.1054,0.4384,-0.2393,331.288,342.444,356.168,-0.3559,0.0279,0.2371,17.428,2.343,61.991,-0.2706,0.0367,0.2051,9.915,9.683,45.365,01-08 17:52:40.835
299,20.89122,-0.1052,0.4381,-0.2393,331.469,342.490,356.174,-0.3559,0.0279,0.2371,17.428,2.343,61.991,-0.2706,0.0367,0.2051,9.915,9.683,45.365,01-08 17:52:40.876
300,20.93157,-0.1051,0.4377,-0.2393,331.607,342.634,356.089,-0.3559,0.0279,0.2371,17.428,2.343,61.991,-0.2706,0.0367,0.2051,9.915,9.683,45.365,01-08 17:52:40.916
301,20.97273,-0.1048,0.4374,-0.2393,331.779,342.594,356.081,-0.3559,0.0279,0.2371,17.427,2.343,61.991,-0.2706,0.0367,0.2051,9.915,9.683,45.365,01-08 17:52:40.957
302,21.01468,-0.1048,0.4371,-0.2396,331.918,342.639,356.080,-0.3559,0.0279,0.2371,17.428,2.343,61.991,-0.2706,0.0367,0.2051,9.915,9.683,45.366,01-08 17:52:40.998
303,21.05587,-0.1050,0.4372,-0.2395,331.918,342.507,356.087,-0.3559,0.0279,0.2371,17.427,2.343,61.991,-0.2706,0.0367,0.2051,9.915,9.683,45.365,01-08 17:52:41.040
304,21.09757,-0.1052,0.4373,-0.2397,331.837,342.379,356.169,-0.3559,0.0279,0.2371,17.428,2.343,61.991,-0.2706,0.0367,0.2051,9.915,9.683,45.365,01-08 17:52:41.082
305,21.14304,-0.1055,0.4377,-0.2396,331.685,342.438,356.175,-0.3559,0.0279,0.2371,17.427,2.343,61.991,-0.2706,0.0367,0.2051,9.915,9.683,45.365,01-08 17:52:41.127
306,21.17947,-0.1056,0.4377,-0.2397,331.697,342.388,356.205,-0.3559,0.0279,0.2371,17.427,2.343,61.991,-0.2706,0.0367,0.2051,9.915,9.683,45.365,01-08 17:52:41.164
307,21.22414,-0.1058,0.4377,-0.2401,331.694,342.254,356.296,-0.3559,0.0279,0.2371,17.427,2.343,61.991,-0.2706,0.0367,0.2051,9.915,9.683,45.365,01-08 17:52:41.207
308,21.26505,-0.1060,0.4373,-0.2403,331.885,342.256,356.247,-0.3559,0.0279,0.2371,17.428,2.343,61.991,-0.2706,0.0367,0.2051,9.915,9.683,45.365,01-08 17:52:41.249
309,21.30927,-0.1061,0.4371,-0.2404,331.973,342.269,356.272,-0.3559,0.0279,0.2371,17.427,2.343,61.991,-0.2706,0.0367,0.2051,9.915,9.683,45.365,01-08 17:52:41.293
310,21.37453,-0.1062,0.4370,-0.2405,331.943,342.242,356.306,-0.3559,0.0279,0.2371,17.428,2.343,61.991,-0.2706,0.0367,0.2051,9.915,9.683,45.365,01-08 17:52:41.359
311,21.4213,-0.1065,0.4370,-0.2406,331.997,342.151,356.372,-0.3559,0.0279,0.2371,17.427,2.343,61.991,-0.2706,0.0367,0.2051,9.915,9.683,45.365,01-08 17:52:41.406
312,21.45881,-0.1068,0.4369,-0.2407,332.087,342.101,356.396,-0.3559,0.0279,0.2371,17.428,2.343,61.991,-0.2706,0.0367,0.2051,9.915,9.683,45.365,01-08 17:52:41.443
313,21.49991,-0.1070,0.4369,-0.2409,332.065,341.943,356.436,-0.3559,0.0279,0.2371,17.427,2.343,61.991,-0.2706,0.0367,0.2051,9.915,9.683,45.366,01-08 17:52:41.483
314,21.54491,-0.1071,0.4369,-0.2410,332.097,341.948,356.424,-0.3559,0.0279,0.2371,17.428,2.343,61.991,-0.2706,0.0367,0.2051,9.915,9.683,45.365,01-08 17:52:41.529
315,21.58456,-0.1072,0.4368,-0.2410,332.172,341.972,356.426,-0.3559,0.0279,0.2371,17.427,2.343,61.991,-0.2706,0.0367,0.2051,9.915,9.683,45.365,01-08 17:52:41.568
316,21.62824,-0.1071,0.4367,-0.2410,332.161,341.987,356.500,-0.3559,0.0279,0.2371,17.427,2.343,61.991,-0.2706,0.0367,0.2051,9.915,9.683,45.366,01-08 17:52:41.612
317,21.66831,-0.1072,0.4363,-0.2410,332.259,342.062,356.476,-0.3559,0.0279,0.2371,17.428,2.343,61.991,-0.2706,0.0367,0.2051,9.915,9.683,45.365,01-08 17:52:41.652
318,21.7098,-0.1071,0.4360,-0.2410,332.348,342.080,356.539,-0.3559,0.0279,0.2371,17.428,2.343,61.991,-0.2706,0.0367,0.2051,9.915,9.683,45.366,01-08 17:52:41.693
319,21.75115,-0.1068,0.4357,-0.2411,332.544,342.224,356.468,-0.3559,0.0279,0.2371,17.428,2.343,61.991,-0.2706,0.0367,0.2051,9.915,9.683,45.366,01-08 17:52:41.736
320,21.79283,-0.1067,0.4354,-0.2411,332.633,342.141,356.451,-0.3559,0.0279,0.2371,17.428,2.343,61.991,-0.2706,0.0367,0.2051,9.915,9.683,45.365,01-08 17:52:41.777
321,21.83496,-0.1068,0.4352,-0.2412,332.751,342.110,356.443,-0.3559,0.0279,0.2371,17.427,2.343,61.991,-0.2706,0.0367,0.2051,9.915,9.683,45.365,01-08 17:52:41.819
322,21.87676,-0.1072,0.4353,-0.2413,332.635,341.991,356.443,-0.3559,0.0279,0.2371,17.428,2.343,61.991,-0.2706,0.0367,0.2051,9.915,9.683,45.365,01-08 17:52:41.860
323,21.91733,-0.1079,0.4361,-0.2413,332.199,341.855,356.480,-0.3559,0.0279,0.2371,17.428,2.343,61.991,-0.2706,0.0367,0.2051,9.915,9.683,45.365,01-08 17:52:41.901
324,21.95921,-0.1088,0.4371,-0.2413,331.585,341.524,356.533,-0.3559,0.0279,0.2371,17.427,2.343,61.991,-0.2706,0.0367,0.2051,9.915,9.683,45.365,01-08 17:52:41.942
325,22.00092,-0.1096,0.4379,-0.2414,330.905,341.217,356.604,-0.3559,0.0279,0.2371,17.427,2.343,61.991,-0.2706,0.0367,0.2051,9.915,9.683,45.365,01-08 17:52:41.985
326,22.04337,-0.1102,0.4387,-0.2416,330.295,340.701,356.966,-0.3559,0.0279,0.2371,17.428,2.343,61.991,-0.2706,0.0367,0.2051,9.915,9.683,45.365,01-08 17:52:42.027
327,22.08427,-0.1107,0.4389,-0.2422,330.188,340.734,356.964,-0.3559,0.0279,0.2371,17.427,2.343,61.991,-0.2706,0.0367,0.2051,9.915,9.683,45.365,01-08 17:52:42.069
328,22.12592,-0.1109,0.4391,-0.2427,330.360,340.747,356.936,-0.3559,0.0279,0.2371,17.428,2.343,61.991,-0.2706,0.0367,0.2051,9.915,9.683,45.365,01-08 17:52:42.109
329,22.16943,-0.1108,0.4387,-0.2431,330.637,340.953,356.791,-0.3559,0.0279,0.2371,17.427,2.343,61.991,-0.2706,0.0367,0.2051,9.915,9.683,45.365,01-08 17:52:42.153
330,22.21011,-0.1106,0.4384,-0.2435,330.714,340.980,356.850,-0.3559,0.0279,0.2371,17.427,2.343,61.991,-0.2706,0.0367,0.2051,9.915,9.683,45.365,01-08 17:52:42.193
331,22.25174,-0.1105,0.4382,-0.2434,330.738,340.935,356.797,-0.3559,0.0279,0.2371,17.428,2.343,61.991,-0.2706,0.0367,0.2051,9.915,9.683,45.365,01-08 17:52:42.236
332,22.29365,-0.1105,0.4383,-0.2434,330.756,340.941,356.867,-0.3559,0.0279,0.2371,17.428,2.343,61.991,-0.2706,0.0367,0.2051,9.915,9.683,45.365,01-08 17:52:42.277
333,22.33629,-0.1105,0.4383,-0.2434,330.756,340.967,356.811,-0.3559,0.0279,0.2371,17.427,2.343,61.991,-0.2706,0.0367,0.2051,9.915,9.683,45.365,01-08 17:52:42.321
334,22.37703,-0.1104,0.4382,-0.2434,330.804,340.991,356.806,-0.3559,0.0279,0.2371,17.428,2.343,61.991,-0.2706,0.0367,0.2051,9.915,9.683,45.365,01-08 17:52:42.361
335,22.41791,-0.1102,0.4380,-0.2434,330.974,341.050,356.799,-0.3559,0.0279,0.2371,17.427,2.343,61.991,-0.2706,0.0367,0.2051,9.915,9.683,45.365,01-08 17:52:42.403
336,22.45935,-0.1101,0.4378,-0.2434,330.986,341.171,356.796,-0.3559,0.0279,0.2371,17.427,2.343,61.991,-0.2706,0.0367,0.2051,9.915,9.683,45.365,01-08 17:52:42.443
337,22.50143,-0.1100,0.4377,-0.2433,330.988,341.054,356.855,-0.3559,0.0279,0.2371,17.427,2.343,61.991,-0.2706,0.0367,0.2051,9.915,9.683,45.365,01-08 17:52:42.486
338,22.54436,-0.1099,0.4375,-0.2435,331.181,341.149,356.791,-0.3559,0.0279,0.2371,17.428,2.343,61.991,-0.2706,0.0367,0.2051,9.915,9.683,45.365,01-08 17:52:42.529
339,22.58624,-0.1099,0.4375,-0.2434,331.157,341.052,356.820,-0.3559,0.0279,0.2371,17.428,2.343,61.991,-0.2706,0.0367,0.2051,9.915,9.683,45.365,01-08 17:52:42.570
340,22.62828,-0.1099,0.4375,-0.2435,331.168,341.062,356.817,-0.3559,0.0279,0.2371,17.428,2.343,61.991,-0.2706,0.0367,0.2051,9.915,9.683,45.365,01-08 17:52:42.612
341,22.66989,-0.1100,0.4374,-0.2437,331.253,341.030,356.754,-0.3559,0.0279,0.2371,17.428,2.343,61.991,-0.2706,0.0367,0.2051,9.915,9.683,45.365,01-08 17:52:42.653
342,22.71196,-0.1101,0.4375,-0.2438,331.223,340.973,356.802,-0.3559,0.0279,0.2371,17.427,2.343,61.991,-0.2706,0.0367,0.2051,9.915,9.683,45.366,01-08 17:52:42.696
343,22.7524,-0.1103,0.4376,-0.2440,331.172,340.873,356.907,-0.3559,0.0279,0.2371,17.427,2.343,61.991,-0.2706,0.0367,0.2051,9.915,9.683,45.366,01-08 17:52:42.737
344,22.79484,-0.1107,0.4375,-0.2443,331.231,340.874,356.847,-0.3559,0.0279,0.2371,17.428,2.343,61.991,-0.2706,0.0367,0.2051,9.915,9.683,45.366,01-08 17:52:42.779
345,22.83525,-0.1109,0.4377,-0.2446,331.097,340.788,356.923,-0.3559,0.0279,0.2371,17.427,2.343,61.991,-0.2706,0.0367,0.2051,9.915,9.683,45.366,01-08 17:52:42.818
346,22.87631,-0.1113,0.4378,-0.2448,331.020,340.762,356.932,-0.3559,0.0279,0.2371,17.427,2.343,61.991,-0.2706,0.0367,0.2051,9.915,9.683,45.365,01-08 17:52:42.860
347,22.91799,-0.1115,0.4378,-0.2452,331.040,340.590,357.001,-0.3559,0.0279,0.2371,17.428,2.343,61.991,-0.2706,0.0367,0.2051,9.915,9.683,45.365,01-08 17:52:42.902
348,22.95996,-0.1117,0.4378,-0.2454,331.142,340.569,356.989,-0.3559,0.0279,0.2371,17.428,2.343,61.991,-0.2706,0.0367,0.2051,9.915,9.683,45.365,01-08 17:52:42.944
349,23.00195,-0.1118,0.4378,-0.2457,331.111,340.498,357.077,-0.3559,0.0279,0.2371,17.427,2.343,61.991,-0.2706,0.0367,0.2051,9.915,9.683,45.365,01-08 17:52:42.986
350,23.04323,-0.1119,0.4377,-0.2459,331.123,340.521,357.048,-0.3559,0.0279,0.2371,17.428,2.343,61.991,-0.2706,0.0367,0.2051,9.915,9.683,45.365,01-08 17:52:43.027
351,23.11571,-0.1120,0.4376,-0.2460,331.164,340.452,357.118,-0.3559,0.0279,0.2371,17.428,2.343,61.991,-0.2706,0.0367,0.2051,9.915,9.683,45.365,01-08 17:52:43.100
352,23.15471,-0.1120,0.4375,-0.2462,331.259,340.375,357.100,-0.3559,0.0279,0.2371,17.428,2.343,61.991,-0.2706,0.0367,0.2051,9.915,9.683,45.365,01-08 17:52:43.139
353,23.19666,-0.1119,0.4374,-0.2462,331.288,340.376,357.121,-0.3559,0.0279,0.2371,17.428,2.343,61.991,-0.2706,0.0367,0.2051,9.915,9.683,45.365,01-08 17:52:43.180
354,23.24153,-0.1119,0.4373,-0.2461,331.328,340.404,357.106,-0.3559,0.0279,0.2371,17.427,2.343,61.991,-0.2706,0.0367,0.2051,9.915,9.683,45.366,01-08 17:52:43.226
355,23.27971,-0.1119,0.4371,-0.2462,331.430,340.341,357.095,-0.3559,0.0279,0.2371,17.427,2.343,61.991,-0.2706,0.0367,0.2051,9.915,9.683,45.366,01-08 17:52:43.264
356,23.32163,-0.1119,0.4370,-0.2462,331.433,340.266,357.143,-0.3559,0.0279,0.2371,17.427,2.343,61.991,-0.2706,0.0367,0.2051,9.915,9.683,45.365,01-08 17:52:43.306
357,23.3663,-0.1120,0.4369,-0.2462,331.480,340.357,357.078,-0.3559,0.0279,0.2371,17.427,2.343,61.991,-0.2706,0.0367,0.2051,9.915,9.683,45.365,01-08 17:52:43.350
358,23.40514,-0.1121,0.4369,-0.2462,331.510,340.284,357.050,-0.3559,0.0279,0.2371,17.428,2.343,61.991,-0.2706,0.0367,0.2051,9.915,9.683,45.365,01-08 17:52:43.390
359,23.44633,-0.1122,0.4367,-0.2463,331.576,340.262,357.034,-0.3559,0.0279,0.2371,17.428,2.343,61.990,-0.2706,0.0367,0.2051,9.915,9.683,45.365,01-08 17:52:43.431
360,23.48897,-0.1125,0.4365,-0.2466,331.696,340.209,356.986,-0.3559,0.0279,0.2371,17.427,2.343,61.991,-0.2706,0.0367,0.2051,9.915,9.683,45.365,01-08 17:52:43.473
361,23.52872,-0.1127,0.4365,-0.2467,331.662,340.131,357.008,-0.3559,0.0279,0.2371,17.428,2.343,61.991,-0.2706,0.0367,0.2051,9.915,9.683,45.365,01-08 17:52:43.513
362,23.57169,-0.1129,0.4366,-0.2469,331.544,340.030,357.066,-0.3559,0.0279,0.2371,17.427,2.343,61.991,-0.2706,0.0367,0.2051,9.915,9.683,45.366,01-08 17:52:43.556
363,23.61208,-0.1133,0.4369,-0.2471,331.443,339.894,357.119,-0.3559,0.0279,0.2371,17.428,2.343,61.991,-0.2706,0.0367,0.2051,9.915,9.683,45.366,01-08 17:52:43.596
364,23.65365,-0.1135,0.4371,-0.2473,331.264,339.777,357.232,-0.3559,0.0279,0.2371,17.427,2.343,61.991,-0.2706,0.0367,0.2051,9.915,9.683,45.365,01-08 17:52:43.637
365,23.69543,-0.1138,0.4374,-0.2478,331.189,339.815,357.090,-0.3559,0.0279,0.2371,17.427,2.343,61.991,-0.2706,0.0367,0.2051,9.915,9.683,45.365,01-08 17:52:43.679
366,23.73684,-0.1138,0.4379,-0.2481,330.916,339.793,357.110,-0.3559,0.0279,0.2371,17.428,2.343,61.991,-0.2706,0.0367,0.2051,9.915,9.683,45.365,01-08 17:52:43.720
367,23.77898,-0.1139,0.4386,-0.2483,330.494,339.647,357.112,-0.3559,0.0279,0.2371,17.427,2.343,61.991,-0.2706,0.0367,0.2051,9.915,9.683,45.365,01-08 17:52:43.763
368,23.82155,-0.1144,0.4393,-0.2486,329.977,339.494,357.148,-0.3559,0.0279,0.2371,17.428,2.343,61.991,-0.2706,0.0367,0.2051,9.915,9.683,45.365,01-08 17:52:43.805
369,23.86248,-0.1147,0.4406,-0.2486,328.669,338.776,357.680,-0.3559,0.0279,0.2371,17.428,2.343,61.991,-0.2706,0.0367,0.2051,9.915,9.683,45.366,01-08 17:52:43.847
370,23.89751,-0.1150,0.4412,-0.2488,327.945,338.378,357.861,-0.3559,0.0279,0.2371,17.428,2.343,61.991,-0.2706,0.0367,0.2051,9.915,9.683,45.365,01-08 17:52:43.881
371,23.93307,-0.1164,0.4432,-0.2496,326.212,337.297,358.427,-0.3559,0.0279,0.2371,17.428,2.343,61.991,-0.2706,0.0367,0.2051,9.915,9.683,45.365,01-08 17:52:43.917
372,23.97408,-0.1179,0.4451,-0.2504,324.784,336.342,358.906,-0.3559,0.0279,0.2371,17.428,2.343,61.991,-0.2706,0.0367,0.2051,9.915,9.683,45.365,01-08 17:52:43.958
373,24.01639,-0.1192,0.4469,-0.2520,323.833,335.084,359.525,-0.3559,0.0279,0.2371,17.428,2.343,61.991,-0.2706,0.0367,0.2051,9.915,9.683,45.365,01-08 17:52:44.000
374,24.05775,-0.1209,0.4480,-0.2544,323.231,334.156,359.923,-0.3559,0.0279,0.2371,17.427,2.343,61.991,-0.2706,0.0367,0.2051,9.915,9.683,45.366,01-08 17:52:44.042
375,24.10211,-0.1220,0.4483,-0.2572,323.491,333.733,359.845,-0.3559,0.0279,0.2371,17.427,2.343,61.991,-0.2706,0.0367,0.2051,9.915,9.683,45.366,01-08 17:52:44.086
376,24.14099,-0.1231,0.4491,-0.2601,323.533,333.187,359.983,-0.3559,0.0279,0.2371,17.428,2.343,61.991,-0.2706,0.0367,0.2051,9.915,9.683,45.366,01-08 17:52:44.125
377,24.18316,-0.1242,0.4496,-0.2629,323.323,332.457,0.183,-0.3559,0.0279,0.2371,17.427,2.343,61.991,-0.2706,0.0367,0.2051,9.915,9.683,45.365,01-08 17:52:44.167
378,24.22388,-0.1261,0.4511,-0.2658,322.753,331.808,0.250,-0.3559,0.0279,0.2371,17.427,2.343,61.991,-0.2706,0.0367,0.2051,9.915,9.683,45.366,01-08 17:52:44.207
379,24.26571,-0.1278,0.4535,-0.2683,321.608,330.391,0.889,-0.3559,0.0279,0.2371,17.428,2.343,61.991,-0.2706,0.0367,0.2051,9.915,9.683,45.365,01-08 17:52:44.250
380,24.30781,-0.1298,0.4555,-0.2705,320.186,329.301,1.366,-0.3559,0.0279,0.2371,17.427,2.343,61.991,-0.2706,0.0367,0.2051,9.915,9.683,45.365,01-08 17:52:44.291
381,24.34944,-0.1316,0.4574,-0.2722,318.719,328.490,1.463,-0.3559,0.0279,0.2371,17.428,2.343,61.991,-0.2706,0.0367,0.2051,9.915,9.683,45.365,01-08 17:52:44.333
382,24.39424,-0.1324,0.4589,-0.2734,317.634,328.103,1.802,-0.3559,0.0279,0.2371,17.427,2.343,61.991,-0.2706,0.0367,0.2051,9.915,9.683,45.365,01-08 17:52:44.378
383,24.43522,-0.1309,0.4588,-0.2737,318.438,327.927,2.557,-0.3559,0.0279,0.2371,17.428,2.343,61.991,-0.2706,0.0367,0.2051,9.915,9.683,45.365,01-08 17:52:44.418
384,24.47316,-0.1285,0.4566,-0.2732,319.429,328.654,2.456,-0.3559,0.0279,0.2371,17.427,2.343,61.991,-0.2706,0.0367,0.2051,9.915,9.683,45.365,01-08 17:52:44.457
385,24.51457,-0.1250,0.4530,-0.2723,321.223,330.829,1.297,-0.3559,0.0279,0.2371,17.428,2.343,61.991,-0.2706,0.0367,0.2051,9.915,9.683,45.365,01-08 17:52:44.498
386,24.55673,-0.1194,0.4495,-0.2701,324.027,333.749,359.809,-0.3559,0.0279,0.2371,17.428,2.343,61.991,-0.2706,0.0367,0.2051,9.915,9.683,45.365,01-08 17:52:44.540
387,24.59853,-0.1140,0.4473,-0.2670,325.452,336.050,358.417,-0.3559,0.0279,0.2371,17.428,2.343,61.991,-0.2706,0.0367,0.2051,9.915,9.683,45.365,01-08 17:52:44.583
388,24.64065,-0.1089,0.4464,-0.2644,325.530,337.332,357.752,-0.3559,0.0279,0.2371,17.428,2.343,61.991,-0.2706,0.0367,0.2051,9.915,9.683,45.365,01-08 17:52:44.625
389,24.68153,-0.1050,0.4464,-0.2628,325.870,338.326,357.372,-0.3559,0.0279,0.2371,17.427,2.343,61.991,-0.2706,0.0367,0.2051,9.915,9.683,45.365,01-08 17:52:44.666
390,24.72326,-0.1024,0.4469,-0.2617,325.834,338.779,357.202,-0.3559,0.0279,0.2371,17.428,2.343,61.991,-0.2706,0.0367,0.2051,9.915,9.683,45.365,01-08 17:52:44.707
391,24.76487,-0.1002,0.4475,-0.2613,325.474,338.662,357.336,-0.3559,0.0279,0.2371,17.428,2.343,61.991,-0.2706,0.0367,0.2051,9.915,9.683,45.365,01-08 17:52:44.749
392,24.80649,-0.0988,0.4471,-0.2610,325.634,338.664,357.287,-0.3559,0.0279,0.2371,17.427,2.343,61.992,-0.2706,0.0367,0.2051,9.915,9.683,45.365,01-08 17:52:44.790
393,24.84836,-0.0988,0.4467,-0.2609,326.001,338.793,356.974,-0.3559,0.0279,0.2371,17.428,2.343,61.991,-0.2706,0.0367,0.2051,9.915,9.683,45.366,01-08 17:52:44.833
394,24.89179,-0.0985,0.4462,-0.2604,326.673,338.501,356.678,-0.3559,0.0279,0.2371,17.427,2.343,61.991,-0.2706,0.0367,0.2051,9.915,9.683,45.366,01-08 17:52:44.877
395,24.93148,-0.1016,0.4450,-0.2603,327.118,337.873,356.782,-0.3559,0.0279,0.2371,17.427,2.343,61.991,-0.2706,0.0367,0.2051,9.915,9.683,45.366,01-08 17:52:44.915
396,24.97308,-0.1033,0.4445,-0.2595,327.348,337.419,356.937,-0.3559,0.0279,0.2371,17.427,2.343,61.991,-0.2706,0.0367,0.2051,9.915,9.683,45.365,01-08 17:52:44.957
397,25.01552,-0.1053,0.4447,-0.2597,326.992,337.318,357.142,0.0000,0.0000,0.0000,0.000,0.000,0.000,0.0000,0.0000,0.0000,0.000,0.000,0.000,01-08 17:52:45.000
398,25.05662,-0.1068,0.4455,-0.2600,326.366,337.237,357.458,0.0000,0.0000,0.0000,0.000,0.000,0.000,0.0000,0.0000,0.0000,0.000,0.000,0.000,01-08 17:52:45.040
399,25.09822,-0.1079,0.4463,-0.2610,325.809,337.159,357.792,0.0000,0.0000,0.0000,0.000,0.000,0.000,0.0000,0.0000,0.0000,0.000,0.000,0.000,01-08 17:52:45.082
400,25.14132,-0.1086,0.4466,-0.2622,325.581,336.878,357.881,0.0000,0.0000,0.0000,0.000,0.000,0.000,0.0000,0.0000,0.0000,0.000,0.000,0.000,01-08 17:52:45.124
401,25.1817,-0.1092,0.4470,-0.2633,325.504,336.613,357.841,0.0000,0.0000,0.0000,0.000,0.000,0.000,0.0000,0.0000,0.0000,0.000,0.000,0.000,01-08 17:52:45.165
402,25.22356,-0.1093,0.4469,-0.2639,325.441,336.104,357.994,0.0000,0.0000,0.0000,0.000,0.000,0.000,0.0000,0.0000,0.0000,0.000,0.000,0.000,01-08 17:52:45.207
403,25.26493,-0.1093,0.4470,-0.2645,325.551,336.000,357.898,0.0000,0.0000,0.0000,0.000,0.000,0.000,0.0000,0.0000,0.0000,0.000,0.000,0.000,01-08 17:52:45.248
404,25.30666,-0.1088,0.4468,-0.2647,325.641,335.984,357.969,0.0000,0.0000,0.0000,0.000,0.000,0.000,0.0000,0.0000,0.0000,0.000,0.000,0.000,01-08 17:52:45.290
