Frame,Time,HMD_PosX,HMD_PosY,HMD_PosZ,HMD_RotX,HMD_RotY,HMD_RotZ,L_ctrl_PosX,L_ctrl_PosY,L_ctrl_PosZ,L_ctrl_RotX,L_ctrl_RotY,L_ctrl_RotZ,R_ctrl_PosX,R_ctrl_PosY,R_ctrl_PosZ,R_ctrl_RotX,R_ctrl_RotY,R_ctrl_RotZ,Timestamp
0,37.07124,-0.1009,0.0195,-0.1479,338.166,6.196,1.365,-0.0594,-0.0849,0.3028,350.012,337.287,19.952,0.0232,-0.1358,0.2564,351.480,30.196,315.536,01-12 15:48:18.347
1,37.12236,-0.1011,0.0196,-0.1462,338.180,5.926,1.671,-0.0587,-0.0849,0.3026,349.977,337.306,19.888,0.0237,-0.1358,0.2564,351.470,30.199,315.485,01-12 15:48:18.392
2,37.16015,-0.1009,0.0196,-0.1451,338.100,5.769,1.614,-0.0587,-0.0852,0.3024,349.854,337.182,19.980,0.0239,-0.1361,0.2565,351.409,30.101,315.426,01-12 15:48:18.430
3,37.20339,-0.1001,0.0193,-0.1441,338.335,5.660,1.558,-0.0587,-0.0861,0.3023,349.870,336.967,20.032,0.0240,-0.1369,0.2566,351.366,29.938,315.442,01-12 15:48:18.474
4,37.24324,-0.0993,0.0191,-0.1430,338.530,5.593,1.488,-0.0586,-0.0871,0.3026,349.889,336.852,20.083,0.0243,-0.1381,0.2570,351.428,29.833,315.425,01-12 15:48:18.513
5,37.28471,-0.0987,0.0189,-0.1419,338.767,5.490,1.446,-0.0579,-0.0894,0.3036,350.085,336.843,19.804,0.0247,-0.1398,0.2574,351.640,29.770,315.435,01-12 15:48:18.555
6,37.32718,-0.0980,0.0184,-0.1412,339.184,5.389,1.379,-0.0571,-0.0919,0.3040,350.307,336.730,19.278,0.0253,-0.1426,0.2578,352.136,29.630,315.311,01-12 15:48:18.597
7,37.36805,-0.0974,0.0180,-0.1408,339.584,5.297,1.336,-0.0571,-0.0938,0.3034,350.422,336.655,19.196,0.0255,-0.1445,0.2575,352.276,29.517,315.399,01-12 15:48:18.639
8,37.4107,-0.0970,0.0182,-0.1403,339.838,5.090,1.381,-0.0572,-0.0967,0.3030,350.550,336.665,19.537,0.0256,-0.1469,0.2570,352.242,29.505,315.657,01-12 15:48:18.681
9,37.45233,-0.0965,0.0189,-0.1401,339.966,4.827,1.436,-0.0575,-0.1009,0.3032,350.913,336.285,19.522,0.0257,-0.1505,0.2574,352.479,29.219,315.896,01-12 15:48:18.723
10,37.49307,-0.0957,0.0188,-0.1401,340.198,4.559,1.440,-0.0584,-0.1049,0.3043,351.167,335.997,19.529,0.0251,-0.1543,0.2586,352.487,28.852,316.273,01-12 15:48:18.763
11,37.53488,-0.0947,0.0190,-0.1400,340.167,4.476,1.062,-0.0611,-0.1103,0.3061,351.213,335.878,20.471,0.0232,-0.1586,0.2607,351.870,28.717,316.950,01-12 15:48:18.806
12,37.57673,-0.0937,0.0185,-0.1400,340.427,4.567,0.553,-0.0652,-0.1169,0.3088,351.721,335.206,21.166,0.0204,-0.1640,0.2638,351.778,28.504,317.417,01-12 15:48:18.847
13,37.61846,-0.0927,0.0185,-0.1405,340.764,4.667,0.039,-0.0687,-0.1240,0.3137,352.820,335.457,20.540,0.0167,-0.1706,0.2676,352.995,28.462,317.895,01-12 15:48:18.889
14,37.65995,-0.0917,0.0182,-0.1413,341.077,4.788,359.700,-0.0728,-0.1311,0.3185,354.456,335.805,19.328,0.0120,-0.1765,0.2701,354.000,28.721,318.451,01-12 15:48:18.930
15,37.70172,-0.0907,0.0175,-0.1426,341.666,4.947,359.390,-0.0790,-0.1371,0.3193,354.853,336.008,20.368,0.0066,-0.1809,0.2707,353.636,28.848,319.482,01-12 15:48:18.973
16,37.74318,-0.0898,0.0168,-0.1444,342.130,5.104,359.185,-0.0866,-0.1433,0.3181,355.424,336.047,23.034,0.0011,-0.1837,0.2696,351.857,29.167,321.281,01-12 15:48:19.013
17,37.78492,-0.0888,0.0166,-0.1466,342.272,5.132,359.178,-0.0884,-0.1435,0.3131,350.040,341.335,28.196,-0.0035,-0.1860,0.2670,350.896,29.680,323.846,01-12 15:48:19.054
18,37.82681,-0.0882,0.0163,-0.1489,342.498,5.123,359.115,-0.0873,-0.1356,0.3035,344.071,342.146,28.201,-0.0052,-0.1806,0.2605,346.360,30.120,323.667,01-12 15:48:19.097
19,37.86828,-0.0876,0.0162,-0.1514,342.545,5.002,359.181,-0.0961,-0.1394,0.3043,351.873,337.766,30.894,-0.0069,-0.1754,0.2568,344.602,30.174,325.279,01-12 15:48:19.139
20,37.91003,-0.0873,0.0160,-0.1539,342.676,4.847,359.289,-0.1055,-0.1455,0.3025,353.352,338.034,40.447,-0.0087,-0.1749,0.2554,344.881,31.194,326.826,01-12 15:48:19.180
21,37.95218,-0.0871,0.0158,-0.1566,342.797,4.753,359.253,-0.1071,-0.1480,0.3005,345.924,345.886,46.101,-0.0134,-0.1762,0.2541,343.671,30.941,329.829,01-12 15:48:19.222
22,37.9932,-0.0870,0.0157,-0.1592,342.949,4.742,359.198,-0.0984,-0.1419,0.2998,345.068,348.105,30.080,-0.0177,-0.1773,0.2532,344.466,28.454,330.523,01-12 15:48:19.263
23,38.03497,-0.0869,0.0155,-0.1618,343.146,4.744,359.244,-0.0954,-0.1441,0.3066,353.652,346.611,22.916,-0.0199,-0.1789,0.2527,346.106,26.875,332.110,01-12 15:48:19.305
24,38.07661,-0.0870,0.0154,-0.1644,343.302,4.719,359.320,-0.1007,-0.1463,0.3080,357.568,349.187,30.834,-0.0155,-0.1768,0.2503,346.356,26.583,331.306,01-12 15:48:19.346
25,38.11817,-0.0873,0.0158,-0.1670,343.197,4.672,359.374,-0.1095,-0.1451,0.3073,358.756,346.931,34.995,-0.0082,-0.1734,0.2478,346.566,25.900,330.801,01-12 15:48:19.388
26,38.16003,-0.0876,0.0156,-0.1693,343.039,4.564,359.426,-0.1205,-0.1388,0.3034,355.094,341.094,28.474,0.0061,-0.1726,0.2451,345.324,28.166,330.946,01-12 15:48:19.430
27,38.20159,-0.0878,0.0157,-0.1713,342.976,4.530,359.555,-0.1356,-0.1340,0.3023,353.486,339.275,30.622,0.0223,-0.1740,0.2453,345.801,28.471,330.457,01-12 15:48:19.472
28,38.24331,-0.0883,0.0148,-0.1733,343.375,4.694,359.310,-0.1503,-0.1308,0.3044,354.514,338.169,28.560,0.0412,-0.1777,0.2473,346.218,29.352,331.667,01-12 15:48:19.514
29,38.28473,-0.0888,0.0141,-0.1753,343.729,4.718,359.305,-0.1626,-0.1294,0.3084,355.727,339.246,22.969,0.0637,-0.1831,0.2489,346.908,31.212,334.573,01-12 15:48:19.554
30,38.3266,-0.0891,0.0139,-0.1769,343.944,4.769,359.349,-0.1781,-0.1277,0.3103,355.166,334.098,18.233,0.0881,-0.1879,0.2506,347.861,33.437,337.433,01-12 15:48:19.597
31,38.36868,-0.0893,0.0128,-0.1786,344.204,4.834,359.361,-0.1954,-0.1261,0.3102,350.780,333.894,20.161,0.1155,-0.1922,0.2505,349.623,37.254,339.247,01-12 15:48:19.639
32,38.40997,-0.0892,0.0125,-0.1802,344.471,4.958,359.583,-0.2099,-0.1265,0.3092,346.413,333.041,17.954,0.1405,-0.1929,0.2477,347.951,40.972,340.230,01-12 15:48:19.681
33,38.45171,-0.0890,0.0121,-0.1821,344.409,5.118,359.490,-0.2262,-0.1310,0.3104,347.216,333.930,18.477,0.1638,-0.1930,0.2442,349.331,42.619,341.093,01-12 15:48:19.722
34,38.49347,-0.0884,0.0117,-0.1842,344.406,5.350,359.482,-0.2394,-0.1388,0.3127,348.456,335.992,19.033,0.1845,-0.1922,0.2395,350.796,43.721,342.435,01-12 15:48:19.763
35,38.53497,-0.0880,0.0121,-0.1865,344.141,5.586,359.394,-0.2463,-0.1446,0.3133,347.905,336.975,15.675,0.2032,-0.1917,0.2349,350.905,45.998,343.728,01-12 15:48:19.805
36,38.57649,-0.0873,0.0117,-0.1893,343.986,5.964,359.244,-0.2523,-0.1485,0.3158,348.632,337.347,14.472,0.2191,-0.1920,0.2302,351.145,48.275,345.027,01-12 15:48:19.847
37,38.61835,-0.0866,0.0122,-0.1924,343.817,6.372,359.193,-0.2567,-0.1543,0.3173,350.576,335.742,12.899,0.2312,-0.1917,0.2254,351.541,49.726,345.285,01-12 15:48:19.889
38,38.66019,-0.0858,0.0133,-0.1955,343.034,6.708,359.265,-0.2586,-0.1572,0.3166,350.569,335.941,13.691,0.2389,-0.1910,0.2224,352.197,50.298,346.164,01-12 15:48:19.930
39,38.70181,-0.0850,0.0144,-0.1988,342.348,7.077,359.294,-0.2584,-0.1588,0.3164,350.320,336.867,13.179,0.2432,-0.1892,0.2200,352.831,50.293,347.459,01-12 15:48:19.973
40,38.74343,-0.0841,0.0158,-0.2017,341.535,7.359,359.339,-0.2554,-0.1591,0.3168,350.460,336.707,10.941,0.2447,-0.1839,0.2176,352.956,50.338,347.660,01-12 15:48:20.014
41,38.78501,-0.0835,0.0171,-0.2042,340.748,7.581,359.329,-0.2496,-0.1569,0.3151,349.417,339.807,10.594,0.2422,-0.1754,0.2152,351.265,49.846,348.832,01-12 15:48:20.056
42,38.82677,-0.0826,0.0182,-0.2064,340.131,7.747,359.314,-0.2428,-0.1529,0.3128,347.095,339.482,7.972,0.2375,-0.1629,0.2127,349.875,48.660,349.619,01-12 15:48:20.097
43,38.86844,-0.0817,0.0193,-0.2079,339.645,7.878,359.359,-0.2350,-0.1490,0.3090,344.081,341.186,6.824,0.2317,-0.1432,0.2069,347.557,47.826,348.740,01-12 15:48:20.139
44,38.91045,-0.0809,0.0200,-0.2090,339.289,7.938,359.365,-0.2282,-0.1471,0.3064,342.013,342.860,6.161,0.2222,-0.1164,0.1972,341.590,47.255,349.265,01-12 15:48:20.181
45,38.95194,-0.0803,0.0203,-0.2097,339.232,7.877,359.324,-0.2228,-0.1489,0.3082,342.020,343.562,4.242,0.2120,-0.0864,0.1840,336.395,46.707,347.332,01-12 15:48:20.222
46,38.9934,-0.0793,0.0204,-0.2099,339.321,7.666,359.439,-0.2185,-0.1552,0.3138,344.644,343.166,3.006,0.2013,-0.0570,0.1691,332.139,45.206,346.010,01-12 15:48:20.263
47,39.03495,-0.0785,0.0199,-0.2101,339.718,7.736,359.258,-0.2131,-0.1645,0.3199,347.081,342.954,1.105,0.1914,-0.0278,0.1511,328.907,45.286,343.607,01-12 15:48:20.305
48,39.07678,-0.0780,0.0194,-0.2100,340.228,7.636,359.253,-0.2074,-0.1760,0.3251,349.282,343.619,358.846,0.1821,-0.0008,0.1310,328.047,43.080,340.409,01-12 15:48:20.346
49,39.11846,-0.0778,0.0185,-0.2098,340.726,7.587,359.290,-0.2037,-0.1902,0.3303,354.183,344.240,0.224,0.1700,0.0224,0.1097,323.400,41.797,341.235,01-12 15:48:20.388
50,39.16082,-0.0777,0.0174,-0.2094,341.402,7.427,359.466,-0.1966,-0.2028,0.3329,355.672,342.730,356.996,0.1600,0.0415,0.0870,317.584,40.092,338.585,01-12 15:48:20.431
51,39.20197,-0.0782,0.0164,-0.2088,342.048,7.248,359.541,-0.1911,-0.2130,0.3334,353.723,341.505,355.364,0.1487,0.0563,0.0660,311.180,37.922,338.919,01-12 15:48:20.473
52,39.2432,-0.0786,0.0146,-0.2085,342.972,7.091,359.570,-0.1896,-0.2177,0.3314,351.126,338.966,353.895,0.1386,0.0643,0.0489,306.949,38.334,338.273,01-12 15:48:20.513
53,39.28466,-0.0795,0.0132,-0.2083,343.754,6.852,359.692,-0.1875,-0.2171,0.3268,352.422,344.289,356.425,0.1313,0.0688,0.0374,305.550,38.799,335.967,01-12 15:48:20.555
54,39.32633,-0.0803,0.0121,-0.2080,344.262,6.605,359.795,-0.1883,-0.2094,0.3196,351.576,346.184,1.623,0.1243,0.0684,0.0324,304.875,39.688,334.802,01-12 15:48:20.596
55,39.36804,-0.0812,0.0110,-0.2077,344.823,6.459,359.834,-0.1900,-0.1953,0.3049,344.896,345.861,6.688,0.1172,0.0630,0.0333,304.558,37.158,336.295,01-12 15:48:20.638
56,39.40998,-0.0820,0.0102,-0.2074,345.197,6.431,359.877,-0.1883,-0.1784,0.2922,341.403,346.620,8.938,0.1107,0.0549,0.0401,305.642,35.273,338.164,01-12 15:48:20.680
57,39.45155,-0.0827,0.0094,-0.2070,345.620,6.373,0.038,-0.1840,-0.1594,0.2770,336.380,346.534,10.681,0.1054,0.0433,0.0538,308.703,31.893,340.265,01-12 15:48:20.722
58,39.49322,-0.0835,0.0085,-0.2064,346.013,6.289,0.199,-0.1781,-0.1400,0.2590,330.834,347.777,11.362,0.0984,0.0299,0.0719,311.788,28.004,344.327,01-12 15:48:20.764
59,39.53513,-0.0840,0.0079,-0.2058,346.362,6.086,0.339,-0.1756,-0.1205,0.2403,327.008,346.431,14.165,0.0924,0.0146,0.0936,316.405,24.531,347.518,01-12 15:48:20.805
60,39.57646,-0.0848,0.0072,-0.2051,346.798,5.853,0.392,-0.1723,-0.1015,0.2202,322.824,346.757,17.134,0.0872,-0.0026,0.1172,322.040,21.695,349.537,01-12 15:48:20.847
61,39.61814,-0.0855,0.0066,-0.2044,347.258,5.733,0.310,-0.1674,-0.0849,0.2000,318.805,347.751,17.982,0.0835,-0.0221,0.1406,328.048,20.222,349.751,01-12 15:48:20.888
62,39.6601,-0.0862,0.0062,-0.2038,347.432,5.721,0.273,-0.1616,-0.0707,0.1811,314.859,347.462,19.140,0.0766,-0.0441,0.1620,332.559,19.426,351.247,01-12 15:48:20.931
63,39.70161,-0.0869,0.0055,-0.2033,347.756,5.726,0.239,-0.1547,-0.0602,0.1641,312.089,348.795,20.043,0.0666,-0.0665,0.1785,334.219,18.735,354.010,01-12 15:48:20.971
64,39.74339,-0.0875,0.0052,-0.2025,348.051,5.709,0.294,-0.1479,-0.0525,0.1485,309.630,349.116,20.194,0.0592,-0.0881,0.1917,337.605,17.664,353.394,01-12 15:48:21.013
65,39.78493,-0.0883,0.0051,-0.2012,348.125,5.617,0.369,-0.1426,-0.0463,0.1320,306.417,347.708,21.692,0.0513,-0.1102,0.2033,341.407,16.858,352.807,01-12 15:48:21.055
66,39.82681,-0.0887,0.0049,-0.2000,348.220,5.485,0.361,-0.1385,-0.0411,0.1176,304.557,348.689,22.344,0.0423,-0.1321,0.2120,344.432,15.555,353.136,01-12 15:48:21.098
67,39.86818,-0.0892,0.0046,-0.1987,348.449,5.425,0.253,-0.1368,-0.0377,0.1039,301.234,346.400,23.230,0.0348,-0.1529,0.2176,346.754,14.927,353.749,01-12 15:48:21.138
68,39.91016,-0.0896,0.0042,-0.1974,348.698,5.384,0.175,-0.1389,-0.0346,0.0917,299.213,344.048,25.904,0.0298,-0.1720,0.2211,348.994,14.069,353.838,01-12 15:48:21.181
69,39.95134,-0.0900,0.0036,-0.1963,348.939,5.298,0.145,-0.1435,-0.0323,0.0818,297.501,341.434,28.469,0.0277,-0.1890,0.2236,350.571,14.310,354.119,01-12 15:48:21.221
70,39.99334,-0.0905,0.0031,-0.1953,349.208,5.233,0.034,-0.1498,-0.0311,0.0745,295.992,336.023,31.942,0.0305,-0.2037,0.2241,352.482,14.084,353.583,01-12 15:48:21.265
71,40.03481,-0.0908,0.0026,-0.1949,349.384,5.323,359.905,-0.1579,-0.0302,0.0714,296.282,333.197,34.365,0.0395,-0.2179,0.2239,354.634,14.889,351.982,01-12 15:48:21.306
72,40.07668,-0.0913,0.0022,-0.1946,349.484,5.356,359.857,-0.1668,-0.0302,0.0708,296.423,328.755,36.851,0.0502,-0.2332,0.2238,357.108,15.310,351.251,01-12 15:48:21.347
73,40.11859,-0.0917,0.0021,-0.1947,349.440,5.385,359.721,-0.1766,-0.0303,0.0730,296.822,325.749,38.427,0.0685,-0.2490,0.2237,0.438,16.539,348.886,01-12 15:48:21.389
74,40.16025,-0.0920,0.0018,-0.1949,349.497,5.443,359.699,-0.1878,-0.0303,0.0772,297.893,323.494,39.735,0.0864,-0.2629,0.2228,1.668,18.893,349.782,01-12 15:48:21.431
75,40.20135,-0.0922,0.0016,-0.1950,349.494,5.455,359.579,-0.2005,-0.0296,0.0832,299.771,321.017,41.507,0.1091,-0.2740,0.2206,3.043,21.316,349.361,01-12 15:48:21.472
76,40.24321,-0.0923,0.0017,-0.1950,349.471,5.478,359.531,-0.2123,-0.0290,0.0884,300.922,319.128,41.830,0.1338,-0.2832,0.2186,5.491,24.126,347.821,01-12 15:48:21.513
77,40.28485,-0.0920,0.0014,-0.1952,349.709,5.569,359.399,-0.2246,-0.0282,0.0921,302.065,316.474,42.612,0.1571,-0.2887,0.2128,5.478,27.127,348.312,01-12 15:48:21.556
78,40.32679,-0.0919,0.0015,-0.1953,349.616,5.575,359.414,-0.2382,-0.0280,0.0953,303.607,313.306,44.135,0.1803,-0.2929,0.2053,4.974,29.640,348.581,01-12 15:48:21.597
79,40.36828,-0.0915,0.0017,-0.1949,349.531,5.591,359.410,-0.2520,-0.0280,0.0972,305.098,311.014,45.826,0.2047,-0.2978,0.1974,6.576,32.196,347.258,01-12 15:48:21.639
80,40.40959,-0.0911,0.0017,-0.1947,349.568,5.659,359.481,-0.2658,-0.0285,0.0986,306.704,307.920,47.593,0.2270,-0.3008,0.1878,6.331,34.494,347.010,01-12 15:48:21.680
81,40.45165,-0.0907,0.0020,-0.1941,349.374,5.618,359.695,-0.2792,-0.0291,0.0999,308.815,305.485,49.561,0.2490,-0.3053,0.1790,7.857,37.462,345.603,01-12 15:48:21.721
82,40.49324,-0.0898,0.0019,-0.1938,349.520,5.642,359.701,-0.2896,-0.0298,0.1006,310.588,304.066,51.062,0.2640,-0.3090,0.1722,9.342,38.775,344.142,01-12 15:48:21.763
83,40.53497,-0.0894,0.0015,-0.1939,349.682,5.644,359.652,-0.2955,-0.0302,0.1012,311.941,303.615,52.076,0.2712,-0.3112,0.1677,9.662,39.669,344.278,01-12 15:48:21.806
84,40.57649,-0.0889,0.0013,-0.1941,349.782,5.630,359.700,-0.2975,-0.0307,0.1013,312.570,303.233,52.412,0.2734,-0.3118,0.1646,9.957,39.777,344.042,01-12 15:48:21.847
85,40.61826,-0.0883,0.0011,-0.1948,349.814,5.693,359.660,-0.2959,-0.0311,0.1010,312.710,303.913,52.273,0.2700,-0.3105,0.1652,9.468,39.296,344.344,01-12 15:48:21.889
86,40.66003,-0.0882,0.0017,-0.1960,349.585,5.634,359.631,-0.2913,-0.0318,0.1005,312.221,304.596,51.890,0.2650,-0.3087,0.1636,9.016,38.472,344.325,01-12 15:48:21.931
87,40.70158,-0.0882,0.0032,-0.1974,348.967,5.389,359.647,-0.2835,-0.0330,0.1005,311.237,305.777,50.493,0.2578,-0.3070,0.1644,8.537,37.364,344.256,01-12 15:48:21.972
88,40.74306,-0.0895,0.0083,-0.1989,347.170,4.685,359.813,-0.2763,-0.0346,0.1009,310.501,307.433,49.238,0.2500,-0.3062,0.1663,8.151,36.265,344.405,01-12 15:48:22.013
89,40.78554,-0.0923,0.0138,-0.2017,343.231,3.349,359.923,-0.2698,-0.0364,0.1019,309.364,308.498,47.603,0.2422,-0.3062,0.1680,8.136,35.196,344.398,01-12 15:48:22.056
90,40.82643,-0.0951,0.0184,-0.2047,340.429,2.176,0.512,-0.2654,-0.0385,0.1038,309.031,309.262,46.634,0.2342,-0.3053,0.1702,7.741,34.042,344.514,01-12 15:48:22.097
91,40.86842,-0.0978,0.0228,-0.2080,337.885,1.097,1.255,-0.2619,-0.0405,0.1063,309.127,310.804,45.731,0.2266,-0.3036,0.1725,7.710,32.974,344.306,01-12 15:48:22.139
92,40.91009,-0.1001,0.0258,-0.2111,335.996,0.538,1.888,-0.2582,-0.0429,0.1093,309.094,312.416,44.252,0.2175,-0.2988,0.1750,6.488,31.997,344.944,01-12 15:48:22.181
93,40.95152,-0.1018,0.0282,-0.2138,334.415,0.359,2.438,-0.2553,-0.0460,0.1125,309.441,313.554,43.284,0.2081,-0.2917,0.1775,5.197,31.107,345.435,01-12 15:48:22.221
94,40.99324,-0.1032,0.0302,-0.2158,333.019,0.638,2.810,-0.2518,-0.0496,0.1154,309.571,315.179,41.917,0.1978,-0.2832,0.1787,3.960,29.890,345.425,01-12 15:48:22.264
95,41.03491,-0.1037,0.0327,-0.2177,331.563,1.382,2.884,-0.2485,-0.0536,0.1181,309.706,316.494,40.438,0.1864,-0.2731,0.1783,1.973,28.554,345.980,01-12 15:48:22.306
96,41.07646,-0.1038,0.0345,-0.2193,330.111,2.362,2.941,-0.2464,-0.0579,0.1207,309.800,317.705,39.195,0.1756,-0.2637,0.1769,0.437,26.936,345.950,01-12 15:48:22.347
97,41.11887,-0.1033,0.0358,-0.2208,329.156,3.623,2.867,-0.2445,-0.0626,0.1236,310.276,319.066,38.118,0.1662,-0.2546,0.1746,358.774,25.681,346.251,01-12 15:48:22.389
98,41.15979,-0.1027,0.0383,-0.2223,327.703,4.951,2.660,-0.2429,-0.0673,0.1271,310.576,320.443,36.433,0.1589,-0.2458,0.1712,356.990,24.643,346.662,01-12 15:48:22.430
99,41.2016,-0.1022,0.0400,-0.2237,326.368,6.266,2.527,-0.2415,-0.0726,0.1307,311.049,321.573,35.115,0.1548,-0.2370,0.1667,354.961,23.955,346.752,01-12 15:48:22.472
100,41.24312,-0.1016,0.0412,-0.2252,325.369,7.401,2.192,-0.2397,-0.0780,0.1349,311.516,323.424,33.233,0.1550,-0.2292,0.1620,353.105,24.069,346.528,01-12 15:48:22.514
101,41.28474,-0.1014,0.0425,-0.2266,324.395,8.377,1.961,-0.2380,-0.0837,0.1393,311.765,324.989,31.077,0.1592,-0.2236,0.1581,352.666,24.488,345.312,01-12 15:48:22.556
102,41.32659,-0.1012,0.0438,-0.2280,323.469,9.088,1.739,-0.2375,-0.0894,0.1443,312.562,325.852,29.604,0.1653,-0.2193,0.1544,351.842,25.888,344.938,01-12 15:48:22.597
103,41.36852,-0.1014,0.0448,-0.2291,322.623,9.556,1.618,-0.2379,-0.0955,0.1493,313.730,326.722,28.940,0.1720,-0.2158,0.1507,350.612,27.793,345.513,01-12 15:48:22.639
104,41.40965,-0.1018,0.0460,-0.2302,321.703,9.807,1.681,-0.2377,-0.1020,0.1549,314.789,327.648,27.688,0.1800,-0.2123,0.1473,350.488,28.897,344.289,01-12 15:48:22.680
105,41.45116,-0.1021,0.0465,-0.2314,321.155,9.925,1.729,-0.2369,-0.1084,0.1609,315.870,328.806,26.271,0.1874,-0.2087,0.1441,350.112,30.042,343.562,01-12 15:48:22.722
106,41.49308,-0.1020,0.0467,-0.2323,321.045,10.139,1.900,-0.2364,-0.1152,0.1672,317.305,329.413,25.628,0.1938,-0.2047,0.1409,349.531,31.068,343.305,01-12 15:48:22.763
107,41.53461,-0.1021,0.0467,-0.2332,320.894,10.116,2.076,-0.2341,-0.1226,0.1736,318.800,330.809,24.270,0.2003,-0.2000,0.1373,349.205,32.012,342.472,01-12 15:48:22.805
108,41.57651,-0.1019,0.0470,-0.2336,320.912,10.159,2.221,-0.2309,-0.1303,0.1798,320.239,332.390,22.761,0.2062,-0.1937,0.1334,348.599,33.007,341.627,01-12 15:48:22.846
109,41.61851,-0.1014,0.0471,-0.2336,320.846,10.266,2.298,-0.2267,-0.1384,0.1857,321.513,334.161,20.900,0.2112,-0.1861,0.1290,347.648,33.857,340.860,01-12 15:48:22.888
110,41.65975,-0.1009,0.0465,-0.2335,321.330,10.187,2.299,-0.2220,-0.1460,0.1907,322.464,335.522,19.007,0.2152,-0.1772,0.1244,346.587,34.600,339.941,01-12 15:48:22.930
111,41.7017,-0.1000,0.0465,-0.2336,321.369,10.369,2.350,-0.2173,-0.1535,0.1951,323.569,337.137,17.230,0.2176,-0.1673,0.1191,344.912,35.662,339.540,01-12 15:48:22.972
112,41.74318,-0.0989,0.0465,-0.2338,321.540,10.603,2.326,-0.2123,-0.1608,0.1988,324.569,338.466,15.859,0.2185,-0.1569,0.1133,343.091,36.324,338.911,01-12 15:48:23.014
113,41.78472,-0.0978,0.0466,-0.2336,321.716,10.923,2.086,-0.2064,-0.1683,0.2018,325.367,340.008,14.249,0.2181,-0.1462,0.1075,340.939,37.079,338.622,01-12 15:48:23.055
114,41.82647,-0.0967,0.0465,-0.2339,321.789,11.241,1.944,-0.1996,-0.1763,0.2049,326.333,341.731,12.751,0.2168,-0.1352,0.1017,339.331,37.664,337.744,01-12 15:48:23.097
115,41.8682,-0.0957,0.0459,-0.2340,322.010,11.649,1.741,-0.1915,-0.1848,0.2077,327.260,343.793,10.467,0.2128,-0.1239,0.0960,337.201,37.675,337.364,01-12 15:48:23.139
116,41.9098,-0.0946,0.0455,-0.2343,322.220,12.064,1.475,-0.1837,-0.1930,0.2098,328.363,345.789,8.650,0.2065,-0.1126,0.0908,334.548,37.779,337.769,01-12 15:48:23.180
117,41.95195,-0.0936,0.0455,-0.2347,322.286,12.393,1.267,-0.1765,-0.2009,0.2111,329.771,347.804,7.946,0.1989,-0.1017,0.0856,332.005,37.735,338.230,01-12 15:48:23.222
118,41.99336,-0.0929,0.0455,-0.2348,322.303,12.744,1.110,-0.1688,-0.2085,0.2118,330.640,349.896,6.198,0.1896,-0.0910,0.0800,329.005,37.776,338.858,01-12 15:48:23.263
119,42.03469,-0.0921,0.0454,-0.2352,322.479,13.000,0.901,-0.1622,-0.2156,0.2121,331.676,350.885,5.284,0.1779,-0.0816,0.0744,325.698,37.245,339.926,01-12 15:48:23.305
120,42.07641,-0.0916,0.0454,-0.2355,322.247,13.186,0.807,-0.1551,-0.2217,0.2115,331.926,352.696,3.406,0.1652,-0.0740,0.0694,322.662,36.107,340.953,01-12 15:48:23.346
121,42.11771,-0.0918,0.0451,-0.2357,322.523,13.075,0.767,-0.1510,-0.2257,0.2102,331.849,354.103,2.555,0.1517,-0.0696,0.0646,319.091,35.478,342.557,01-12 15:48:23.388
122,42.15961,-0.0926,0.0449,-0.2354,322.737,12.783,0.928,-0.1512,-0.2274,0.2089,331.347,353.920,1.958,0.1374,-0.0702,0.0609,314.736,35.655,345.400,01-12 15:48:23.430
123,42.20219,-0.0937,0.0447,-0.2349,322.950,12.424,1.172,-0.1541,-0.2271,0.2083,331.389,353.050,2.645,0.1245,-0.0744,0.0582,311.030,34.638,349.374,01-12 15:48:23.473
124,42.24299,-0.0948,0.0444,-0.2347,322.991,12.047,1.505,-0.1587,-0.2268,0.2065,331.610,352.125,4.195,0.1151,-0.0790,0.0572,309.633,32.667,351.620,01-12 15:48:23.513
125,42.28489,-0.0958,0.0445,-0.2345,322.922,11.651,1.784,-0.1603,-0.2266,0.2057,331.489,352.171,3.988,0.1073,-0.0836,0.0578,309.022,30.621,353.925,01-12 15:48:23.556
126,42.32664,-0.0965,0.0444,-0.2348,322.914,11.425,1.934,-0.1622,-0.2263,0.2045,331.323,352.064,3.469,0.1000,-0.0887,0.0595,308.649,29.064,355.872,01-12 15:48:23.597
127,42.36797,-0.0971,0.0447,-0.2351,322.848,11.211,1.993,-0.1628,-0.2255,0.2034,331.179,352.036,3.448,0.0915,-0.0952,0.0623,309.270,25.840,358.217,01-12 15:48:23.639
128,42.40975,-0.0981,0.0448,-0.2355,322.801,10.732,2.288,-0.1633,-0.2238,0.2012,330.970,352.227,3.531,0.0819,-0.1043,0.0665,310.856,22.628,0.080,01-12 15:48:23.680
129,42.45142,-0.0992,0.0448,-0.2358,322.864,10.163,2.494,-0.1633,-0.2198,0.1968,330.185,352.062,3.827,0.0688,-0.1185,0.0717,313.114,18.990,2.338,01-12 15:48:23.722
130,42.49376,-0.1003,0.0443,-0.2355,322.942,9.719,2.842,-0.1633,-0.2148,0.1919,329.338,351.952,4.357,0.0522,-0.1364,0.0769,315.635,13.003,7.281,01-12 15:48:23.764
131,42.53594,-0.1011,0.0441,-0.2353,322.936,9.608,3.144,-0.1629,-0.2086,0.1853,328.044,351.790,5.105,0.0378,-0.1555,0.0810,317.732,9.416,10.145,01-12 15:48:23.807
132,42.57639,-0.1021,0.0444,-0.2348,323.111,9.016,3.326,-0.1620,-0.2021,0.1774,326.678,352.117,5.878,0.0256,-0.1749,0.0860,321.085,5.876,12.877,01-12 15:48:23.847
133,42.618,-0.1029,0.0448,-0.2348,322.828,8.567,3.625,-0.1609,-0.1962,0.1693,325.117,352.364,6.104,0.0171,-0.1936,0.0908,324.363,3.936,13.648,01-12 15:48:23.889
134,42.65978,-0.1038,0.0446,-0.2349,322.942,8.314,3.744,-0.1606,-0.1915,0.1606,323.309,352.630,6.235,0.0121,-0.2115,0.0956,327.435,3.321,14.227,01-12 15:48:23.930
135,42.7013,-0.1048,0.0445,-0.2344,322.858,7.906,3.972,-0.1620,-0.1881,0.1533,322.326,353.034,6.958,0.0099,-0.2280,0.0998,330.870,2.661,14.450,01-12 15:48:23.972
136,42.74301,-0.1056,0.0442,-0.2341,322.918,7.545,4.131,-0.1650,-0.1866,0.1478,321.937,352.491,8.022,0.0111,-0.2415,0.1025,333.188,3.231,13.799,01-12 15:48:24.014
137,42.78466,-0.1065,0.0441,-0.2334,323.086,7.213,4.288,-0.1683,-0.1863,0.1436,321.698,352.127,8.588,0.0146,-0.2511,0.1038,334.465,4.442,13.184,01-12 15:48:24.054
138,42.82698,-0.1072,0.0441,-0.2332,323.055,6.790,4.574,-0.1717,-0.1871,0.1408,321.720,351.502,9.137,0.0192,-0.2574,0.1047,336.460,4.802,12.000,01-12 15:48:24.097
139,42.86805,-0.1080,0.0440,-0.2329,323.145,6.638,4.593,-0.1747,-0.1878,0.1383,321.720,351.236,9.426,0.0260,-0.2595,0.1047,336.711,6.088,11.284,01-12 15:48:24.139
140,42.90944,-0.1086,0.0441,-0.2333,323.008,6.510,4.611,-0.1775,-0.1878,0.1359,321.716,350.691,10.061,0.0349,-0.2597,0.1053,336.647,8.014,10.519,01-12 15:48:24.179
141,42.95119,-0.1092,0.0439,-0.2338,323.138,6.415,4.591,-0.1790,-0.1874,0.1346,321.521,350.671,10.182,0.0452,-0.2586,0.1074,337.918,10.167,8.102,01-12 15:48:24.222
142,42.99311,-0.1095,0.0437,-0.2345,323.299,6.356,4.469,-0.1803,-0.1868,0.1335,321.374,350.494,10.437,0.0545,-0.2563,0.1088,338.767,12.536,5.765,01-12 15:48:24.263
143,43.03457,-0.1096,0.0435,-0.2349,323.238,6.366,4.456,-0.1812,-0.1860,0.1326,321.289,350.244,10.663,0.0619,-0.2533,0.1085,338.985,14.504,3.953,01-12 15:48:24.305
144,43.07631,-0.1095,0.0430,-0.2350,323.580,6.495,4.319,-0.1815,-0.1855,0.1319,321.187,350.232,10.745,0.0667,-0.2502,0.1067,338.638,15.486,2.848,01-12 15:48:24.347
145,43.11828,-0.1094,0.0428,-0.2350,323.764,6.460,4.295,-0.1818,-0.1847,0.1306,321.034,350.151,10.892,0.0694,-0.2484,0.1051,338.098,16.128,2.570,01-12 15:48:24.388
146,43.1597,-0.1093,0.0422,-0.2347,324.143,6.336,4.222,-0.1818,-0.1840,0.1289,320.816,350.161,10.971,0.0715,-0.2479,0.1037,338.038,16.335,2.275,01-12 15:48:24.430
147,43.20148,-0.1096,0.0416,-0.2343,324.618,5.979,4.225,-0.1815,-0.1834,0.1271,320.616,350.264,11.075,0.0735,-0.2486,0.1029,338.089,16.634,2.109,01-12 15:48:24.472
148,43.24315,-0.1101,0.0412,-0.2339,324.829,5.455,4.301,-0.1814,-0.1831,0.1260,320.481,350.286,11.119,0.0752,-0.2498,0.1029,338.496,16.958,1.728,01-12 15:48:24.514
149,43.28479,-0.1106,0.0410,-0.2334,324.933,4.876,4.323,-0.1813,-0.1831,0.1253,320.427,350.309,11.128,0.0754,-0.2505,0.1030,338.551,16.993,1.728,01-12 15:48:24.556
150,43.32677,-0.1110,0.0405,-0.2326,325.385,4.311,4.421,-0.1813,-0.1833,0.1251,320.446,350.324,11.138,0.0757,-0.2508,0.1029,338.533,17.069,1.673,01-12 15:48:24.597
151,43.36787,-0.1117,0.0400,-0.2316,325.847,3.744,4.418,-0.1814,-0.1840,0.1253,320.582,350.173,11.218,0.0757,-0.2509,0.1027,338.584,17.058,1.625,01-12 15:48:24.639
152,43.40955,-0.1116,0.0394,-0.2306,326.356,3.272,4.472,-0.1815,-0.1842,0.1251,320.671,350.122,11.190,0.0756,-0.2502,0.1026,338.456,16.996,1.559,01-12 15:48:24.680
153,43.45148,-0.1113,0.0388,-0.2294,326.887,3.010,4.394,-0.1818,-0.1843,0.1246,320.723,349.947,11.256,0.0761,-0.2487,0.1025,338.217,17.036,1.318,01-12 15:48:24.722
154,43.49289,-0.1112,0.0379,-0.2279,327.575,2.942,4.107,-0.1826,-0.1833,0.1219,320.364,349.761,11.558,0.0769,-0.2475,0.1023,337.865,17.204,1.334,01-12 15:48:24.763
155,43.53482,-0.1109,0.0365,-0.2265,328.437,2.745,4.004,-0.1839,-0.1812,0.1178,319.769,349.415,11.881,0.0783,-0.2473,0.1022,337.880,17.362,1.171,01-12 15:48:24.805
156,43.57746,-0.1107,0.0347,-0.2249,329.692,2.342,3.889,-0.1856,-0.1793,0.1141,319.302,349.227,12.042,0.0811,-0.2482,0.1022,337.940,17.771,0.938,01-12 15:48:24.848
157,43.6212,-0.1105,0.0322,-0.2230,331.327,1.830,3.667,-0.1879,-0.1778,0.1102,318.802,348.797,12.160,0.0849,-0.2512,0.1024,338.395,18.320,0.664,01-12 15:48:24.892
158,43.65972,-0.1102,0.0300,-0.2213,332.862,1.198,3.474,-0.1906,-0.1764,0.1065,318.434,348.331,12.213,0.0879,-0.2548,0.1031,339.213,18.676,0.184,01-12 15:48:24.930
159,43.70134,-0.1096,0.0275,-0.2197,334.220,0.656,3.261,-0.1938,-0.1751,0.1027,318.188,347.486,12.614,0.0901,-0.2587,0.1034,339.752,18.917,0.121,01-12 15:48:24.971
160,43.74305,-0.1085,0.0254,-0.2181,335.755,0.146,3.123,-0.1967,-0.1739,0.0981,317.664,346.949,12.756,0.0916,-0.2625,0.1038,340.391,18.856,359.946,01-12 15:48:25.013
161,43.78513,-0.1070,0.0244,-0.2166,336.242,359.652,3.062,-0.1992,-0.1730,0.0945,317.471,346.338,12.702,0.0927,-0.2662,0.1050,341.119,18.778,359.873,01-12 15:48:25.055
162,43.82648,-0.1048,0.0217,-0.2152,337.923,359.534,2.715,-0.2020,-0.1727,0.0911,317.278,345.654,12.877,0.0929,-0.2685,0.1060,341.384,18.608,359.822,01-12 15:48:25.097
163,43.86785,-0.1027,0.0208,-0.2139,338.591,359.108,2.506,-0.2047,-0.1727,0.0880,317.326,344.920,12.847,0.0926,-0.2699,0.1076,341.812,18.337,359.544,01-12 15:48:25.139
164,43.90954,-0.1002,0.0193,-0.2129,339.408,358.632,2.253,-0.2070,-0.1728,0.0844,317.096,344.258,12.663,0.0906,-0.2707,0.1092,341.919,17.790,359.611,01-12 15:48:25.180
165,43.95156,-0.0976,0.0177,-0.2121,340.464,358.185,1.929,-0.2096,-0.1735,0.0813,317.156,343.678,12.432,0.0870,-0.2706,0.1106,341.884,16.833,359.531,01-12 15:48:25.222
166,43.9931,-0.0950,0.0167,-0.2116,341.240,357.422,1.627,-0.2128,-0.1742,0.0782,317.188,342.875,12.094,0.0826,-0.2708,0.1124,341.826,15.691,359.581,01-12 15:48:25.263
167,44.03496,-0.0922,0.0157,-0.2111,341.821,356.493,1.320,-0.2169,-0.1750,0.0751,317.469,341.723,12.156,0.0776,-0.2713,0.1150,341.856,14.552,359.503,01-12 15:48:25.305
168,44.0763,-0.0893,0.0149,-0.2105,342.412,355.405,1.004,-0.2209,-0.1757,0.0712,317.514,340.725,11.763,0.0719,-0.2718,0.1182,342.075,13.288,359.325,01-12 15:48:25.347
169,44.11805,-0.0865,0.0144,-0.2101,342.842,353.868,0.722,-0.2251,-0.1764,0.0671,317.580,339.691,11.238,0.0652,-0.2727,0.1218,342.191,11.830,359.259,01-12 15:48:25.388
170,44.15969,-0.0835,0.0145,-0.2097,343.032,352.081,0.380,-0.2300,-0.1768,0.0625,317.774,338.280,11.037,0.0580,-0.2737,0.1253,342.347,10.282,359.105,01-12 15:48:25.430
171,44.20138,-0.0799,0.0150,-0.2097,342.981,350.006,-0.005,-0.2344,-0.1772,0.0573,317.759,337.168,10.432,0.0504,-0.2747,0.1289,342.521,8.663,358.807,01-12 15:48:25.471
172,44.24311,-0.0756,0.0161,-0.2095,342.598,347.912,359.414,-0.2385,-0.1776,0.0526,317.945,335.921,9.851,0.0427,-0.2755,0.1323,342.586,7.115,358.388,01-12 15:48:25.513
173,44.28488,-0.0703,0.0168,-0.2098,342.308,345.856,358.896,-0.2416,-0.1779,0.0480,318.038,334.973,8.932,0.0348,-0.2766,0.1357,342.838,5.465,357.796,01-12 15:48:25.556
174,44.32645,-0.0643,0.0180,-0.2096,341.862,343.981,358.351,-0.2438,-0.1780,0.0434,318.033,334.168,7.801,0.0270,-0.2774,0.1386,342.904,3.863,357.327,01-12 15:48:25.597
175,44.36794,-0.0575,0.0190,-0.2096,341.377,342.224,357.566,-0.2453,-0.1778,0.0394,318.124,333.281,6.853,0.0198,-0.2778,0.1410,342.935,2.291,356.660,01-12 15:48:25.639
176,44.40973,-0.0500,0.0201,-0.2090,340.915,340.612,356.913,-0.2457,-0.1773,0.0356,318.234,332.704,5.742,0.0136,-0.2778,0.1428,342.954,0.916,355.843,01-12 15:48:25.680
177,44.45122,-0.0422,0.0214,-0.2078,340.168,339.272,356.300,-0.2448,-0.1763,0.0321,318.114,332.234,4.674,0.0083,-0.2780,0.1443,342.981,359.600,354.914,01-12 15:48:25.721
178,44.49301,-0.0331,0.0219,-0.2064,339.774,338.456,355.556,-0.2427,-0.1754,0.0293,318.148,331.888,3.846,0.0040,-0.2783,0.1455,342.903,358.308,354.235,01-12 15:48:25.763
179,44.53506,-0.0231,0.0226,-0.2040,339.458,338.458,354.756,-0.2383,-0.1748,0.0277,318.134,332.247,2.308,0.0019,-0.2786,0.1476,342.875,357.534,353.543,01-12 15:48:25.806
180,44.57715,-0.0119,0.0229,-0.2011,339.021,339.392,353.937,-0.2321,-0.1736,0.0266,317.941,332.860,0.985,0.0024,-0.2791,0.1507,342.977,357.194,352.635,01-12 15:48:25.847
181,44.61804,-0.0006,0.0230,-0.1978,338.826,340.727,353.163,-0.2244,-0.1724,0.0265,317.661,334.185,359.097,0.0049,-0.2799,0.1543,343.101,357.286,351.715,01-12 15:48:25.889
182,44.65956,0.0108,0.0235,-0.1941,338.334,342.255,352.350,-0.2166,-0.1714,0.0279,317.465,335.316,357.592,0.0089,-0.2811,0.1581,343.471,357.631,350.819,01-12 15:48:25.929
183,44.70127,0.0214,0.0234,-0.1904,338.465,343.689,351.465,-0.2085,-0.1709,0.0303,317.189,336.948,355.816,0.0138,-0.2822,0.1608,343.522,357.860,349.982,01-12 15:48:25.972
184,44.74297,0.0306,0.0246,-0.1864,337.963,344.983,350.516,-0.2005,-0.1713,0.0346,317.282,338.557,354.046,0.0196,-0.2841,0.1641,343.948,358.352,349.210,01-12 15:48:26.013
185,44.78492,0.0388,0.0247,-0.1828,337.704,346.093,349.721,-0.1932,-0.1719,0.0389,317.565,340.025,352.609,0.0250,-0.2864,0.1674,344.316,358.846,348.759,01-12 15:48:26.054
186,44.82672,0.0453,0.0248,-0.1788,337.919,347.125,348.858,-0.1864,-0.1729,0.0434,317.855,341.801,351.211,0.0304,-0.2878,0.1720,344.882,359.380,348.241,01-12 15:48:26.097
187,44.86787,0.0501,0.0247,-0.1751,338.252,348.290,347.993,-0.1809,-0.1737,0.0476,317.817,343.253,349.994,0.0366,-0.2866,0.1774,346.205,1.554,346.031,01-12 15:48:26.139
188,44.90983,0.0525,0.0245,-0.1719,338.829,349.207,347.737,-0.1778,-0.1744,0.0510,318.166,343.331,350.450,0.0381,-0.2848,0.1786,345.883,1.312,345.743,01-12 15:48:26.180
189,44.95134,0.0529,0.0250,-0.1689,339.033,349.954,347.820,-0.1752,-0.1762,0.0537,318.469,343.650,350.926,0.0373,-0.2844,0.1786,345.271,0.793,346.912,01-12 15:48:26.222
190,44.9929,0.0517,0.0252,-0.1668,339.252,350.477,348.301,-0.1729,-0.1799,0.0565,318.753,344.528,350.609,0.0375,-0.2851,0.1792,345.355,0.491,347.271,01-12 15:48:26.264
191,45.0345,0.0488,0.0257,-0.1650,339.597,350.939,348.992,-0.1718,-0.1846,0.0600,319.422,345.055,350.452,0.0389,-0.2875,0.1805,345.793,0.591,347.882,01-12 15:48:26.305
192,45.07601,0.0449,0.0255,-0.1640,339.895,351.383,349.804,-0.1721,-0.1894,0.0634,320.184,345.361,350.735,0.0407,-0.2908,0.1810,346.114,0.875,348.613,01-12 15:48:26.347
193,45.11782,0.0400,0.0253,-0.1633,340.134,351.828,350.723,-0.1732,-0.1941,0.0670,320.739,345.440,351.262,0.0429,-0.2945,0.1813,346.666,1.310,349.439,01-12 15:48:26.387
194,45.15932,0.0342,0.0252,-0.1631,340.370,352.367,351.572,-0.1743,-0.1985,0.0709,321.284,345.433,352.008,0.0459,-0.2976,0.1802,346.959,1.928,350.045,01-12 15:48:26.430
195,45.20087,0.0274,0.0243,-0.1638,340.837,353.007,352.548,-0.1749,-0.2028,0.0761,321.776,345.646,352.984,0.0496,-0.3007,0.1771,347.092,2.524,351.100,01-12 15:48:26.471
196,45.24286,0.0196,0.0240,-0.1649,341.327,353.807,353.623,-0.1749,-0.2074,0.0825,322.429,346.040,353.865,0.0547,-0.3030,0.1736,347.469,3.524,351.907,01-12 15:48:26.513
197,45.28467,0.0117,0.0231,-0.1667,341.935,354.707,354.817,-0.1738,-0.2125,0.0898,323.160,346.753,354.480,0.0613,-0.3037,0.1696,347.722,4.971,352.472,01-12 15:48:26.555
198,45.32622,0.0027,0.0230,-0.1689,342.342,356.041,355.901,-0.1720,-0.2173,0.0976,323.888,347.876,355.104,0.0694,-0.3021,0.1645,347.349,6.483,353.228,01-12 15:48:26.597
199,45.36775,-0.0067,0.0230,-0.1712,342.492,357.303,356.778,-0.1700,-0.2214,0.1050,324.414,348.651,355.761,0.0785,-0.3000,0.1602,347.197,8.560,353.943,01-12 15:48:26.638
200,45.40955,-0.0169,0.0229,-0.1739,342.840,358.552,357.527,-0.1686,-0.2244,0.1107,324.833,349.604,357.096,0.0875,-0.2973,0.1561,347.105,10.825,354.562,01-12 15:48:26.680
201,45.45141,-0.0277,0.0227,-0.1764,343.185,359.777,358.118,-0.1674,-0.2268,0.1161,325.110,350.562,358.182,0.0959,-0.2942,0.1512,346.930,12.932,355.326,01-12 15:48:26.721
202,45.49276,-0.0382,0.0221,-0.1783,343.620,0.802,358.619,-0.1671,-0.2284,0.1214,325.389,350.971,359.420,0.1025,-0.2905,0.1454,346.879,14.711,355.827,01-12 15:48:26.763
203,45.53432,-0.0488,0.0217,-0.1798,344.097,1.567,359.204,-0.1672,-0.2293,0.1259,325.518,351.338,0.944,0.1073,-0.2863,0.1393,346.506,16.080,356.410,01-12 15:48:26.805
204,45.57704,-0.0588,0.0214,-0.1808,344.238,2.081,359.747,-0.1675,-0.2301,0.1301,325.787,351.505,2.341,0.1102,-0.2823,0.1341,346.096,17.180,357.348,01-12 15:48:26.847
205,45.61823,-0.0680,0.0210,-0.1810,344.220,2.257,0.289,-0.1674,-0.2312,0.1334,326.026,351.894,3.167,0.1117,-0.2777,0.1293,345.348,17.971,357.943,01-12 15:48:26.889
206,45.65943,-0.0757,0.0199,-0.1808,344.161,2.242,0.911,-0.1672,-0.2324,0.1359,326.183,352.357,3.677,0.1129,-0.2734,0.1253,344.640,18.700,358.136,01-12 15:48:26.930
207,45.70111,-0.0814,0.0191,-0.1802,344.352,2.187,1.381,-0.1671,-0.2336,0.1373,326.128,352.821,3.988,0.1136,-0.2701,0.1224,343.991,19.356,357.896,01-12 15:48:26.972
208,45.74313,-0.0859,0.0180,-0.1792,344.746,2.097,1.596,-0.1675,-0.2348,0.1387,326.163,352.932,4.121,0.1142,-0.2686,0.1209,343.805,19.968,357.495,01-12 15:48:27.013
209,45.78482,-0.0886,0.0176,-0.1783,345.107,1.943,1.328,-0.1684,-0.2355,0.1396,326.340,352.768,4.441,0.1133,-0.2692,0.1212,343.997,19.803,357.559,01-12 15:48:27.054
210,45.82624,-0.0886,0.0181,-0.1773,344.833,2.056,1.218,-0.1694,-0.2364,0.1407,326.437,352.497,4.802,0.1120,-0.2693,0.1211,343.903,19.484,357.958,01-12 15:48:27.096
211,45.8678,-0.0867,0.0183,-0.1765,344.695,2.253,0.908,-0.1702,-0.2381,0.1434,326.885,352.098,5.104,0.1099,-0.2698,0.1225,344.174,18.618,358.134,01-12 15:48:27.138
212,45.90956,-0.0835,0.0184,-0.1755,344.541,2.357,0.573,-0.1699,-0.2395,0.1457,327.164,351.792,4.887,0.1089,-0.2696,0.1238,344.023,17.945,358.221,01-12 15:48:27.179
213,45.9513,-0.0789,0.0184,-0.1744,344.624,2.594,359.969,-0.1687,-0.2403,0.1475,327.520,351.722,4.909,0.1103,-0.2691,0.1246,343.580,18.022,358.005,01-12 15:48:27.221
214,45.99326,-0.0730,0.0183,-0.1735,344.627,2.880,359.323,-0.1662,-0.2408,0.1489,327.668,351.848,4.337,0.1128,-0.2691,0.1250,343.646,18.171,356.969,01-12 15:48:27.264
215,46.03457,-0.0662,0.0181,-0.1723,344.618,3.288,358.541,-0.1631,-0.2407,0.1492,327.645,352.103,3.794,0.1158,-0.2709,0.1242,343.665,18.312,356.422,01-12 15:48:27.305
216,46.07601,-0.0585,0.0176,-0.1719,344.768,3.804,357.513,-0.1603,-0.2409,0.1488,327.765,352.390,3.586,0.1191,-0.2743,0.1231,343.841,18.495,356.044,01-12 15:48:27.347
217,46.1178,-0.0502,0.0170,-0.1717,345.255,4.501,356.386,-0.1551,-0.2420,0.1483,327.882,353.179,2.339,0.1229,-0.2789,0.1218,344.442,18.743,355.452,01-12 15:48:27.387
218,46.15968,-0.0413,0.0167,-0.1720,345.592,5.053,355.378,-0.1502,-0.2427,0.1483,328.190,353.813,1.205,0.1270,-0.2838,0.1206,345.194,19.028,354.979,01-12 15:48:27.430
219,46.20138,-0.0319,0.0168,-0.1726,345.901,5.622,354.413,-0.1454,-0.2421,0.1478,328.427,354.189,0.844,0.1309,-0.2879,0.1198,345.867,19.042,354.416,01-12 15:48:27.472
220,46.24273,-0.0225,0.0175,-0.1731,345.467,5.859,353.593,-0.1392,-0.2408,0.1476,328.383,354.926,359.853,0.1342,-0.2913,0.1201,346.452,18.770,353.840,01-12 15:48:27.513
221,46.28443,-0.0124,0.0184,-0.1735,345.049,6.012,352.894,-0.1324,-0.2393,0.1481,328.221,355.707,358.749,0.1355,-0.2945,0.1210,346.433,18.121,354.109,01-12 15:48:27.555
222,46.32574,-0.0025,0.0194,-0.1732,344.371,5.922,352.190,-0.1246,-0.2383,0.1496,328.421,356.440,357.657,0.1358,-0.2976,0.1227,346.265,17.149,354.368,01-12 15:48:27.596
223,46.36754,0.0078,0.0202,-0.1726,343.867,5.666,351.613,-0.1163,-0.2378,0.1508,328.525,357.405,356.120,0.1346,-0.3013,0.1256,346.363,15.787,355.034,01-12 15:48:27.637
224,46.40931,0.0181,0.0205,-0.1715,343.584,5.345,350.834,-0.1085,-0.2375,0.1515,328.675,358.321,354.850,0.1324,-0.3043,0.1285,346.068,14.126,356.006,01-12 15:48:27.679
225,46.45082,0.0287,0.0207,-0.1699,343.112,5.125,349.975,-0.1014,-0.2379,0.1518,328.902,359.170,353.602,0.1297,-0.3072,0.1312,345.932,12.374,356.903,01-12 15:48:27.721
226,46.49271,0.0405,0.0201,-0.1687,342.834,5.519,348.997,-0.0954,-0.2400,0.1520,329.269,359.950,352.004,0.1261,-0.3097,0.1329,345.326,10.246,358.185,01-12 15:48:27.764
227,46.53429,0.0523,0.0190,-0.1677,343.105,6.237,347.888,-0.0911,-0.2426,0.1520,329.752,0.490,350.650,0.1232,-0.3127,0.1351,345.324,8.660,358.827,01-12 15:48:27.804
228,46.57603,0.0637,0.0180,-0.1666,343.168,6.572,346.713,-0.0891,-0.2454,0.1522,330.477,0.444,349.492,0.1204,-0.3153,0.1369,345.334,7.012,359.306,01-12 15:48:27.847
229,46.61758,0.0748,0.0169,-0.1655,343.190,6.863,345.339,-0.0890,-0.2475,0.1517,331.123,359.948,348.767,0.1179,-0.3173,0.1388,345.266,5.589,359.587,01-12 15:48:27.887
230,46.65913,0.0853,0.0158,-0.1645,343.303,6.852,344.032,-0.0897,-0.2496,0.1505,331.770,359.472,348.089,0.1156,-0.3193,0.1415,345.404,4.382,359.619,01-12 15:48:27.929
231,46.70109,0.0955,0.0149,-0.1635,343.206,6.592,343.090,-0.0903,-0.2522,0.1492,332.502,359.164,346.887,0.1131,-0.3207,0.1443,345.613,3.269,359.303,01-12 15:48:27.972
232,46.74283,0.1056,0.0138,-0.1622,342.832,6.538,341.944,-0.0906,-0.2544,0.1478,333.207,359.045,345.851,0.1103,-0.3212,0.1462,345.557,2.087,358.840,01-12 15:48:28.013
233,46.78432,0.1154,0.0114,-0.1615,342.778,6.514,340.750,-0.0902,-0.2565,0.1475,333.950,359.092,344.676,0.1071,-0.3218,0.1471,345.533,1.029,358.132,01-12 15:48:28.055
234,46.82579,0.1247,0.0091,-0.1605,342.970,7.032,339.170,-0.0884,-0.2581,0.1480,334.500,359.587,343.027,0.1027,-0.3237,0.1471,345.651,0.079,357.576,01-12 15:48:28.097
235,46.86757,0.1329,0.0073,-0.1598,342.909,8.283,337.196,-0.0866,-0.2582,0.1481,334.607,0.458,341.414,0.0957,-0.3271,0.1473,346.264,358.466,358.021,01-12 15:48:28.137
236,46.90926,0.1385,0.0062,-0.1591,342.836,9.757,335.926,-0.0865,-0.2564,0.1482,334.294,0.828,340.577,0.0880,-0.3282,0.1468,345.902,356.558,359.209,01-12 15:48:28.180
237,46.95096,0.1413,0.0054,-0.1584,342.724,10.975,335.277,-0.0885,-0.2537,0.1477,333.543,0.616,340.170,0.0827,-0.3278,0.1478,345.778,355.829,358.929,01-12 15:48:28.221
238,46.99272,0.1416,0.0057,-0.1571,342.904,11.663,335.129,-0.0935,-0.2500,0.1464,332.778,359.559,341.344,0.0772,-0.3274,0.1503,346.068,355.324,358.676,01-12 15:48:28.263
239,47.03419,0.1390,0.0067,-0.1561,342.797,11.923,335.119,-0.0999,-0.2477,0.1445,332.294,358.090,342.893,0.0720,-0.3273,0.1521,346.146,354.913,358.679,01-12 15:48:28.305
240,47.07576,0.1343,0.0075,-0.1548,342.870,11.523,335.455,-0.1066,-0.2477,0.1420,332.070,357.059,343.507,0.0672,-0.3285,0.1532,346.581,354.602,358.656,01-12 15:48:28.346
241,47.11749,0.1278,0.0087,-0.1535,342.927,10.845,336.048,-0.1137,-0.2493,0.1386,331.698,356.408,343.346,0.0621,-0.3308,0.1527,347.077,353.959,359.042,01-12 15:48:28.387
242,47.1593,0.1200,0.0101,-0.1524,342.633,9.929,336.855,-0.1242,-0.2503,0.1341,330.863,354.826,344.619,0.0570,-0.3340,0.1516,347.445,353.327,359.658,01-12 15:48:28.430
243,47.20092,0.1108,0.0110,-0.1516,342.488,8.913,338.030,-0.1375,-0.2504,0.1296,330.054,352.738,346.342,0.0519,-0.3384,0.1508,348.113,352.738,0.359,01-12 15:48:28.471
244,47.24256,0.1003,0.0119,-0.1507,342.204,7.583,339.318,-0.1536,-0.2500,0.1250,329.195,349.974,347.804,0.0464,-0.3438,0.1499,348.765,351.860,1.257,01-12 15:48:28.512
245,47.284,0.0895,0.0131,-0.1501,341.949,6.237,340.520,-0.1729,-0.2475,0.1183,326.928,346.169,350.158,0.0404,-0.3499,0.1505,349.652,351.503,2.074,01-12 15:48:28.554
246,47.32588,0.0776,0.0147,-0.1490,341.775,5.106,341.714,-0.1951,-0.2428,0.1102,324.964,341.642,353.788,0.0345,-0.3553,0.1510,350.657,351.256,2.623,01-12 15:48:28.597
247,47.36779,0.0649,0.0168,-0.1476,341.355,3.955,342.940,-0.2181,-0.2381,0.1030,323.649,335.970,356.765,0.0278,-0.3601,0.1510,351.524,350.809,3.337,01-12 15:48:28.638
248,47.40921,0.0513,0.0183,-0.1461,341.176,2.770,344.332,-0.2387,-0.2342,0.0964,323.256,332.012,359.666,0.0209,-0.3644,0.1518,352.380,350.714,4.008,01-12 15:48:28.680
249,47.45146,0.0367,0.0196,-0.1447,341.192,1.588,345.769,-0.2559,-0.2321,0.0903,323.009,329.001,1.896,0.0134,-0.3681,0.1524,353.431,350.551,4.355,01-12 15:48:28.721
250,47.49253,0.0219,0.0201,-0.1436,340.968,0.209,347.493,-0.2697,-0.2326,0.0846,322.696,326.062,4.497,0.0048,-0.3709,0.1523,353.991,350.253,5.004,01-12 15:48:28.763
251,47.53431,0.0070,0.0207,-0.1428,340.762,359.154,349.234,-0.2810,-0.2355,0.0780,322.428,322.975,8.321,-0.0040,-0.3731,0.1514,354.498,349.887,5.478,01-12 15:48:28.804
252,47.5759,-0.0080,0.0208,-0.1434,340.441,358.283,350.917,-0.2894,-0.2421,0.0716,322.506,320.199,12.139,-0.0128,-0.3755,0.1495,355.044,349.645,5.860,01-12 15:48:28.847
253,47.6176,-0.0225,0.0208,-0.1445,340.942,357.155,352.783,-0.2936,-0.2555,0.0693,323.960,319.862,13.790,-0.0215,-0.3785,0.1464,355.926,349.431,5.966,01-12 15:48:28.887
254,47.65991,-0.0358,0.0210,-0.1464,341.217,356.040,354.742,-0.2938,-0.2760,0.0718,327.768,321.159,13.878,-0.0299,-0.3820,0.1425,356.897,349.333,6.187,01-12 15:48:28.930
255,47.70213,-0.0480,0.0202,-0.1490,341.895,354.980,356.386,-0.2898,-0.3027,0.0789,334.378,325.604,12.806,-0.0386,-0.3866,0.1383,358.602,348.905,5.789,01-12 15:48:28.972
256,47.74334,-0.0586,0.0189,-0.1521,342.537,353.951,357.711,-0.2821,-0.3346,0.0868,341.525,330.542,11.298,-0.0503,-0.3917,0.1326,0.674,347.240,5.609,01-12 15:48:29.013
257,47.78451,-0.0672,0.0171,-0.1553,343.438,352.966,358.679,-0.2739,-0.3698,0.0927,349.284,334.248,12.203,-0.0642,-0.3959,0.1252,3.056,344.633,5.027,01-12 15:48:29.055
258,47.82576,-0.0741,0.0154,-0.1584,344.126,352.135,359.347,-0.2642,-0.4086,0.0989,358.884,337.304,10.845,-0.0794,-0.3959,0.1162,4.050,342.115,5.429,01-12 15:48:29.097
259,47.86739,-0.0791,0.0138,-0.1611,345.048,351.398,359.926,-0.2531,-0.4464,0.1021,8.029,340.518,8.837,-0.0945,-0.3888,0.1055,3.158,338.989,6.497,01-12 15:48:29.137
260,47.90914,-0.0825,0.0121,-0.1637,345.856,350.646,0.233,-0.2442,-0.4780,0.1013,15.085,342.725,8.754,-0.1087,-0.3737,0.0963,1.093,335.953,7.017,01-12 15:48:29.179
261,47.9508,-0.0840,0.0110,-0.1655,346.358,349.987,0.628,-0.2324,-0.5022,0.1014,20.065,344.632,4.548,-0.1206,-0.3507,0.0899,357.763,333.789,6.705,01-12 15:48:29.221
262,47.9923,-0.0834,0.0094,-0.1671,346.893,349.435,0.716,-0.2207,-0.5159,0.1020,20.238,347.482,359.469,-0.1287,-0.3195,0.0850,352.503,331.317,6.573,01-12 15:48:29.263
263,48.03403,-0.0812,0.0083,-0.1673,347.673,349.081,0.640,-0.2188,-0.5233,0.1027,19.865,347.155,0.685,-0.1305,-0.2831,0.0846,347.466,330.754,4.742,01-12 15:48:29.304
264,48.07577,-0.0776,0.0077,-0.1670,348.450,348.958,0.186,-0.2151,-0.5309,0.1038,21.353,346.737,359.176,-0.1258,-0.2439,0.0849,341.853,331.559,2.791,01-12 15:48:29.346
265,48.11752,-0.0738,0.0075,-0.1658,349.034,348.980,359.477,-0.2112,-0.5329,0.1039,20.738,345.962,357.351,-0.1121,-0.2038,0.0849,334.862,333.857,0.557,01-12 15:48:29.387
266,48.15896,-0.0697,0.0048,-0.1640,349.189,349.089,358.852,-0.2083,-0.5272,0.1048,19.006,345.870,357.363,-0.0889,-0.1668,0.0858,328.891,337.352,356.686,01-12 15:48:29.429
267,48.20075,-0.0654,0.0026,-0.1620,350.559,349.500,358.330,-0.2055,-0.5170,0.1069,16.527,347.448,359.047,-0.0577,-0.1362,0.0877,323.261,342.720,351.760,01-12 15:48:29.472
268,48.24251,-0.0609,0.0009,-0.1590,351.327,349.844,358.133,-0.2046,-0.5049,0.1103,13.446,348.037,0.528,-0.0226,-0.1164,0.0919,318.388,349.637,347.017,01-12 15:48:29.512
269,48.28403,-0.0580,-0.0007,-0.1562,352.030,350.390,357.253,-0.2060,-0.4919,0.1136,10.420,346.325,0.830,0.0125,-0.1081,0.1004,315.505,358.228,342.407,01-12 15:48:29.555
270,48.32612,-0.0557,-0.0026,-0.1518,353.002,350.339,356.926,-0.2041,-0.4767,0.1162,5.785,346.325,359.165,0.0440,-0.1135,0.1158,315.649,6.766,338.503,01-12 15:48:29.597
271,48.36737,-0.0542,-0.0058,-0.1463,354.145,350.282,356.804,-0.2018,-0.4596,0.1198,0.973,346.955,358.274,0.0693,-0.1277,0.1378,320.050,13.172,336.545,01-12 15:48:29.637
272,48.40929,-0.0532,-0.0095,-0.1401,355.977,350.198,356.581,-0.1975,-0.4404,0.1255,354.747,347.038,355.316,0.0863,-0.1523,0.1622,326.166,16.432,339.557,01-12 15:48:29.679
273,48.45071,-0.0526,-0.0127,-0.1326,357.349,349.933,356.536,-0.1911,-0.4203,0.1323,347.559,348.420,351.823,0.0959,-0.1853,0.1834,332.041,16.965,343.265,01-12 15:48:29.720
274,48.49236,-0.0522,-0.0164,-0.1246,358.878,349.656,356.533,-0.1865,-0.4020,0.1406,343.088,348.510,349.429,0.1002,-0.2231,0.2012,338.357,16.382,347.139,01-12 15:48:29.763
275,48.53388,-0.0519,-0.0192,-0.1159,0.277,349.323,356.559,-0.1848,-0.3870,0.1509,341.732,347.832,350.064,0.0998,-0.2645,0.2153,345.108,15.374,350.629,01-12 15:48:29.805
276,48.57616,-0.0513,-0.0218,-0.1064,1.428,348.916,356.665,-0.1820,-0.3763,0.1624,340.365,348.399,349.081,0.0962,-0.3046,0.2252,351.188,14.833,355.242,01-12 15:48:29.847
277,48.61728,-0.0507,-0.0236,-0.0968,2.539,348.607,356.607,-0.1786,-0.3712,0.1761,340.232,349.872,346.384,0.0902,-0.3414,0.2316,356.360,13.850,358.694,01-12 15:48:29.887
278,48.65899,-0.0494,-0.0251,-0.0862,3.392,348.429,356.419,-0.1752,-0.3717,0.1927,342.213,350.226,342.473,0.0817,-0.3728,0.2348,0.267,12.469,2.504,01-12 15:48:29.929
279,48.7009,-0.0475,-0.0262,-0.0748,4.065,348.527,356.215,-0.1703,-0.3780,0.2093,347.198,351.211,337.704,0.0745,-0.3981,0.2355,4.807,10.496,2.453,01-12 15:48:29.972
280,48.74246,-0.0450,-0.0274,-0.0633,5.035,348.904,355.970,-0.1635,-0.3840,0.2198,349.938,352.846,333.192,0.0632,-0.4183,0.2340,7.787,8.931,5.314,01-12 15:48:30.013
281,48.78375,-0.0421,-0.0282,-0.0514,5.814,349.517,355.864,-0.1600,-0.3807,0.2254,352.702,353.382,341.869,0.0516,-0.4322,0.2302,8.399,6.484,6.563,01-12 15:48:30.054
282,48.82566,-0.0390,-0.0281,-0.0397,6.273,350.344,355.801,-0.1544,-0.3822,0.2288,357.667,356.953,348.482,0.0389,-0.4448,0.2267,10.056,3.105,7.466,01-12 15:48:30.096
283,48.86719,-0.0357,-0.0271,-0.0283,6.411,351.223,355.778,-0.1467,-0.3879,0.2330,0.026,358.380,348.484,0.0288,-0.4539,0.2246,10.839,359.508,8.723,01-12 15:48:30.137
284,48.90909,-0.0327,-0.0254,-0.0170,6.019,352.104,355.807,-0.1407,-0.3928,0.2374,359.388,357.617,345.623,0.0249,-0.4564,0.2256,9.655,359.204,9.523,01-12 15:48:30.179
285,48.95067,-0.0302,-0.0240,-0.0065,5.694,352.825,355.852,-0.1341,-0.3963,0.2413,359.332,359.312,343.308,0.0227,-0.4550,0.2295,9.489,359.113,10.361,01-12 15:48:30.220
286,48.99224,-0.0280,-0.0223,0.0034,5.586,353.373,355.848,-0.1302,-0.3943,0.2467,356.411,358.854,339.866,0.0232,-0.4460,0.2352,8.018,358.682,8.615,01-12 15:48:30.263
287,49.03387,-0.0262,-0.0208,0.0129,5.176,353.748,355.811,-0.1288,-0.3891,0.2530,354.278,358.380,338.695,0.0254,-0.4343,0.2424,5.361,359.122,7.773,01-12 15:48:30.303
288,49.07576,-0.0247,-0.0197,0.0214,4.970,354.006,355.710,-0.1300,-0.3811,0.2604,355.884,358.407,343.039,0.0286,-0.4229,0.2507,3.388,359.865,7.241,01-12 15:48:30.347
289,49.11712,-0.0233,-0.0188,0.0290,4.804,354.276,355.592,-0.1315,-0.3733,0.2679,353.960,356.972,343.294,0.0326,-0.4127,0.2594,1.763,0.931,6.428,01-12 15:48:30.387
290,49.15914,-0.0222,-0.0180,0.0357,4.604,354.442,355.469,-0.1335,-0.3673,0.2757,352.954,355.304,342.680,0.0370,-0.4034,0.2669,359.816,1.999,6.529,01-12 15:48:30.430
291,49.20056,-0.0214,-0.0171,0.0416,4.442,354.550,355.473,-0.1358,-0.3614,0.2835,351.629,352.956,342.873,0.0422,-0.3949,0.2734,357.919,3.232,6.682,01-12 15:48:30.470
292,49.24267,-0.0205,-0.0160,0.0471,4.048,354.724,355.433,-0.1382,-0.3545,0.2898,350.204,351.182,344.981,0.0483,-0.3872,0.2793,356.234,4.024,6.527,01-12 15:48:30.513
293,49.28407,-0.0198,-0.0151,0.0518,3.729,354.978,355.355,-0.1402,-0.3501,0.2954,347.705,349.749,345.040,0.0562,-0.3802,0.2858,353.821,5.302,7.831,01-12 15:48:30.555
294,49.32604,-0.0188,-0.0147,0.0560,3.782,355.373,355.343,-0.1412,-0.3500,0.3000,346.495,353.227,343.972,0.0684,-0.3736,0.2951,351.899,8.391,8.855,01-12 15:48:30.597
295,49.3676,-0.0179,-0.0145,0.0603,3.702,355.982,355.388,-0.1426,-0.3503,0.3082,344.331,352.113,338.714,0.0826,-0.3667,0.3061,351.387,11.043,7.436,01-12 15:48:30.639
296,49.4091,-0.0168,-0.0156,0.0638,4.258,356.783,355.373,-0.1411,-0.3501,0.3162,336.550,353.101,328.462,0.0952,-0.3612,0.3196,350.771,14.615,8.299,01-12 15:48:30.679
297,49.45111,-0.0159,-0.0169,0.0668,4.999,357.601,355.449,-0.1382,-0.3515,0.3254,330.058,355.920,316.720,0.1063,-0.3553,0.3336,350.861,18.093,9.521,01-12 15:48:30.722
298,49.49239,-0.0154,-0.0186,0.0691,5.699,358.287,355.499,-0.1313,-0.3523,0.3327,326.599,4.908,306.435,0.1137,-0.3488,0.3477,350.800,20.204,10.489,01-12 15:48:30.763
299,49.5341,-0.0147,-0.0199,0.0707,6.343,358.945,355.609,-0.1234,-0.3552,0.3413,327.268,13.675,296.550,0.1144,-0.3481,0.3620,348.853,19.205,15.553,01-12 15:48:30.805
300,49.57573,-0.0141,-0.0205,0.0719,6.676,359.637,355.674,-0.1219,-0.3557,0.3513,325.322,13.452,293.284,0.1171,-0.3526,0.3804,350.917,22.409,21.199,01-12 15:48:30.846
301,49.61725,-0.0138,-0.0203,0.0728,6.888,0.095,355.674,-0.1177,-0.3536,0.3592,326.923,11.976,296.059,0.1204,-0.3573,0.3984,354.452,25.623,25.122,01-12 15:48:30.887
302,49.65907,-0.0138,-0.0199,0.0735,6.736,0.347,355.725,-0.1121,-0.3534,0.3659,330.881,11.254,300.941,0.1210,-0.3616,0.4076,351.684,27.726,30.942,01-12 15:48:30.930
303,49.70099,-0.0139,-0.0197,0.0741,6.791,0.485,355.817,-0.1029,-0.3570,0.3696,335.207,14.998,301.323,0.1192,-0.3644,0.4132,349.502,28.181,34.517,01-12 15:48:30.972
304,49.7423,-0.0141,-0.0195,0.0748,6.944,0.389,355.881,-0.0938,-0.3621,0.3736,339.132,18.174,299.437,0.1164,-0.3657,0.4185,348.937,28.437,35.930,01-12 15:48:31.013
305,49.78405,-0.0144,-0.0192,0.0756,6.952,0.067,355.949,-0.0883,-0.3691,0.3803,344.804,19.957,301.052,0.1110,-0.3656,0.4216,347.131,26.718,36.171,01-12 15:48:31.055
306,49.82576,-0.0147,-0.0183,0.0760,6.661,359.759,355.921,-0.0868,-0.3753,0.3865,346.570,19.606,298.635,0.1042,-0.3674,0.4270,346.179,24.533,39.288,01-12 15:48:31.097
307,49.86804,-0.0148,-0.0171,0.0760,6.196,359.459,355.958,-0.0878,-0.3790,0.3908,343.125,21.361,295.713,0.0983,-0.3716,0.4354,346.936,21.552,43.726,01-12 15:48:31.139
308,49.90908,-0.0148,-0.0146,0.0762,5.106,359.252,355.949,-0.0888,-0.3840,0.3952,344.773,22.495,294.380,0.0937,-0.3765,0.4436,344.415,19.991,50.754,01-12 15:48:31.180
309,49.95048,-0.0149,-0.0110,0.0766,3.534,359.122,355.916,-0.0897,-0.3876,0.3979,346.985,22.627,292.491,0.0888,-0.3808,0.4472,342.021,16.641,58.635,01-12 15:48:31.221
310,49.99243,-0.0151,-0.0068,0.0770,1.696,359.068,356.018,-0.0918,-0.3865,0.3989,344.350,24.794,289.181,0.0873,-0.3823,0.4515,342.880,15.413,61.797,01-12 15:48:31.263
311,50.03421,-0.0155,-0.0033,0.0769,0.214,358.907,356.060,-0.0960,-0.3845,0.4005,342.923,23.643,291.352,0.0919,-0.3868,0.4572,353.396,23.343,53.805,01-12 15:48:31.304
312,50.07572,-0.0164,0.0002,0.0764,358.688,358.733,356.277,-0.1005,-0.3849,0.4038,345.505,19.075,297.922,0.0918,-0.3865,0.4578,350.221,20.849,55.567,01-12 15:48:31.346
313,50.11741,-0.0172,0.0025,0.0756,357.693,358.456,356.482,-0.1018,-0.3868,0.4049,344.772,19.336,293.750,0.0960,-0.3874,0.4607,350.203,22.164,56.173,01-12 15:48:31.388
314,50.15912,-0.0181,0.0053,0.0752,356.635,358.239,356.618,-0.1013,-0.3875,0.4045,345.143,21.196,292.829,0.0989,-0.3890,0.4627,352.444,23.110,55.454,01-12 15:48:31.429
315,50.20072,-0.0191,0.0073,0.0744,355.848,358.066,356.780,-0.1017,-0.3890,0.4068,346.382,20.135,291.770,0.1014,-0.3913,0.4663,356.873,22.828,53.584,01-12 15:48:31.472
316,50.2423,-0.0201,0.0090,0.0735,355.193,357.851,357.043,-0.1012,-0.3909,0.4090,349.272,20.014,291.283,0.1027,-0.3968,0.4697,359.776,22.749,56.281,01-12 15:48:31.513
317,50.28409,-0.0212,0.0105,0.0724,354.651,357.679,357.222,-0.1006,-0.3890,0.4077,345.802,20.680,291.177,0.1016,-0.4024,0.4721,3.001,21.222,58.910,01-12 15:48:31.555
318,50.32553,-0.0222,0.0122,0.0717,353.984,357.538,357.390,-0.0997,-0.3890,0.4087,346.749,20.527,292.804,0.1024,-0.3958,0.4722,1.767,22.271,55.945,01-12 15:48:31.597
319,50.36742,-0.0234,0.0131,0.0710,353.436,357.309,357.512,-0.0973,-0.3900,0.4094,349.756,20.027,294.791,0.1032,-0.3939,0.4729,1.266,22.218,56.289,01-12 15:48:31.637
320,50.40924,-0.0243,0.0138,0.0702,353.342,357.161,357.654,-0.0978,-0.3895,0.4117,353.032,19.271,297.996,0.1023,-0.3938,0.4683,1.126,22.378,56.456,01-12 15:48:31.679
321,50.45082,-0.0253,0.0144,0.0693,353.055,357.140,357.622,-0.0982,-0.3900,0.4140,356.545,18.185,300.407,0.1033,-0.3925,0.4666,1.189,22.991,56.398,01-12 15:48:31.721
322,50.49226,-0.0259,0.0154,0.0684,352.689,357.038,357.765,-0.1006,-0.3908,0.4188,3.603,16.075,305.656,0.1052,-0.3927,0.4678,2.987,23.127,54.798,01-12 15:48:31.762
323,50.53408,-0.0263,0.0160,0.0675,352.391,357.134,357.834,-0.1018,-0.3902,0.4199,5.231,16.167,307.800,0.1065,-0.3936,0.4692,5.033,22.727,52.932,01-12 15:48:31.805
324,50.57572,-0.0266,0.0166,0.0666,352.154,357.282,357.869,-0.1022,-0.3897,0.4203,5.879,16.919,308.511,0.1062,-0.3944,0.4699,4.091,22.383,53.829,01-12 15:48:31.847
325,50.61747,-0.0268,0.0170,0.0659,351.922,357.422,357.914,-0.1039,-0.3895,0.4221,7.931,17.215,310.875,0.1065,-0.3957,0.4707,4.065,21.921,53.836,01-12 15:48:31.889
326,50.65948,-0.0268,0.0175,0.0652,351.758,357.563,357.934,-0.1023,-0.3895,0.4192,4.445,16.705,306.949,0.1066,-0.3958,0.4708,4.076,21.860,53.825,01-12 15:48:31.930
327,50.70083,-0.0269,0.0181,0.0646,351.458,357.725,357.980,-0.1023,-0.3891,0.4182,3.064,16.511,305.925,0.1066,-0.3960,0.4711,4.061,21.902,53.843,01-12 15:48:31.972
328,50.74241,-0.0268,0.0184,0.0642,351.319,357.930,357.992,-0.1037,-0.3896,0.4205,5.803,15.673,308.637,0.1069,-0.3966,0.4716,4.055,21.903,53.852,01-12 15:48:32.013
329,50.78413,-0.0267,0.0190,0.0640,351.016,358.087,357.946,-0.1043,-0.3893,0.4211,6.382,15.738,309.392,0.1069,-0.3966,0.4717,4.055,21.904,53.854,01-12 15:48:32.054
330,50.82576,-0.0267,0.0190,0.0638,350.985,358.206,357.876,-0.1032,-0.3892,0.4191,3.880,15.635,306.729,0.1069,-0.3966,0.4715,4.054,21.905,53.854,01-12 15:48:32.096
331,50.86782,-0.0267,0.0191,0.0638,350.892,358.383,357.731,-0.1033,-0.3891,0.4193,4.098,15.662,307.009,0.1069,-0.3966,0.4715,4.055,21.905,53.853,01-12 15:48:32.138
332,50.9094,-0.0264,0.0195,0.0639,350.671,358.649,357.587,-0.1041,-0.3891,0.4203,5.335,15.788,308.159,0.1069,-0.3966,0.4715,4.054,21.905,53.854,01-12 15:48:32.179
333,50.95071,-0.0258,0.0198,0.0638,350.539,358.876,357.573,-0.1044,-0.3889,0.4209,6.468,15.937,309.354,0.1069,-0.3966,0.4715,4.054,21.905,53.854,01-12 15:48:32.221
334,50.9925,-0.0249,0.0208,0.0635,350.193,359.230,357.469,-0.1036,-0.3889,0.4195,4.681,15.705,307.487,0.1069,-0.3966,0.4715,4.054,21.905,53.854,01-12 15:48:32.263
335,51.03413,-0.0234,0.0216,0.0630,349.767,359.691,357.453,-0.1030,-0.3891,0.4191,3.925,15.638,306.828,0.1069,-0.3966,0.4715,4.054,21.905,53.854,01-12 15:48:32.304
336,51.07607,-0.0213,0.0233,0.0625,349.095,0.160,357.468,-0.1032,-0.3891,0.4198,4.919,15.728,307.756,0.1069,-0.3966,0.4715,4.054,21.905,53.854,01-12 15:48:32.347
337,51.11748,-0.0194,0.0256,0.0613,348.069,0.723,357.291,-0.1038,-0.3891,0.4209,6.239,15.896,309.095,0.1069,-0.3966,0.4715,4.054,21.905,53.854,01-12 15:48:32.387
338,51.1604,-0.0169,0.0291,0.0598,346.456,1.292,357.205,-0.1031,-0.3891,0.4199,5.325,15.765,308.133,0.1069,-0.3966,0.4715,4.050,21.906,53.859,01-12 15:48:32.430
339,51.20187,-0.0144,0.0334,0.0580,344.267,2.009,357.085,-0.1024,-0.3890,0.4189,4.044,15.628,306.920,0.1071,-0.3965,0.4716,4.050,21.908,53.838,01-12 15:48:32.472
340,51.24426,-0.0127,0.0372,0.0561,342.267,2.610,357.096,-0.1026,-0.3890,0.4193,4.585,15.680,307.434,0.1073,-0.3966,0.4716,4.052,21.908,53.828,01-12 15:48:32.514
341,51.28528,-0.0122,0.0413,0.0544,340.212,2.902,357.122,-0.1030,-0.3891,0.4202,5.985,15.830,308.788,0.1075,-0.3968,0.4716,4.054,21.908,53.827,01-12 15:48:32.556
342,51.32562,-0.0127,0.0437,0.0531,338.990,2.735,357.425,-0.1029,-0.3891,0.4199,5.657,15.799,308.488,0.1075,-0.3967,0.4716,4.052,21.907,53.828,01-12 15:48:32.596
343,51.36776,-0.0142,0.0461,0.0526,338.027,2.139,358.091,-0.1023,-0.3891,0.4188,4.476,15.665,307.275,0.1075,-0.3967,0.4716,4.052,21.907,53.828,01-12 15:48:32.638
344,51.40897,-0.0167,0.0474,0.0524,337.584,1.074,358.899,-0.1023,-0.3890,0.4188,4.470,15.654,307.310,0.1075,-0.3967,0.4716,4.052,21.907,53.827,01-12 15:48:32.679
345,51.45074,-0.0193,0.0487,0.0521,337.290,359.956,359.598,-0.1028,-0.3892,0.4196,5.498,15.771,308.283,0.1075,-0.3967,0.4716,4.052,21.907,53.827,01-12 15:48:32.721
346,51.49235,-0.0221,0.0494,0.0518,337.156,358.898,0.012,-0.1030,-0.3892,0.4199,6.008,15.839,308.827,0.1075,-0.3967,0.4716,4.052,21.907,53.827,01-12 15:48:32.762
347,51.53407,-0.0246,0.0506,0.0515,336.727,357.848,0.550,-0.1026,-0.3893,0.4191,5.015,15.700,307.797,0.1075,-0.3967,0.4716,4.052,21.907,53.828,01-12 15:48:32.804
348,51.5757,-0.0270,0.0513,0.0510,336.404,356.900,1.012,-0.1023,-0.3893,0.4185,4.307,15.634,307.131,0.1075,-0.3967,0.4716,4.052,21.907,53.827,01-12 15:48:32.847
349,51.61923,-0.0285,0.0517,0.0505,336.201,356.165,1.447,-0.1026,-0.3895,0.4190,4.862,15.687,307.657,0.1075,-0.3967,0.4716,4.052,21.907,53.827,01-12 15:48:32.890
350,51.66232,-0.0295,0.0523,0.0502,336.000,355.600,1.701,-0.1032,-0.3897,0.4199,5.873,15.803,308.664,0.1075,-0.3967,0.4716,4.052,21.907,53.827,01-12 15:48:32.933
351,51.70167,-0.0295,0.0526,0.0497,335.794,355.377,1.842,-0.1030,-0.3896,0.4195,5.535,15.761,308.323,0.1075,-0.3967,0.4716,4.052,21.907,53.827,01-12 15:48:32.972
352,51.7443,-0.0284,0.0547,0.0496,334.575,355.904,2.038,-0.1027,-0.3899,0.4189,4.614,15.651,307.387,0.1075,-0.3967,0.4716,4.052,21.907,53.827,01-12 15:48:33.015
353,51.78534,-0.0270,0.0549,0.0488,334.474,356.107,1.841,-0.1028,-0.3899,0.4190,4.730,15.668,307.515,0.1075,-0.3967,0.4716,4.052,21.907,53.827,01-12 15:48:33.056
354,51.82642,-0.0262,0.0551,0.0486,333.647,356.280,1.561,-0.1031,-0.3901,0.4196,5.408,15.739,308.158,0.1075,-0.3967,0.4716,4.052,21.907,53.827,01-12 15:48:33.097
355,51.86849,-0.0257,0.0555,0.0489,332.893,356.032,1.402,-0.1032,-0.3900,0.4198,5.638,15.762,308.409,0.1075,-0.3967,0.4716,4.052,21.907,53.827,01-12 15:48:33.139
356,51.90995,-0.0262,0.0587,0.0500,330.626,355.425,1.852,-0.1030,-0.3901,0.4196,5.301,15.724,308.061,0.1075,-0.3967,0.4716,4.052,21.907,53.827,01-12 15:48:33.180
357,51.95134,-0.0279,0.0618,0.0516,327.937,353.984,2.403,-0.1025,-0.3898,0.4189,4.518,15.624,307.289,0.1075,-0.3967,0.4716,4.052,21.907,53.827,01-12 15:48:33.222
358,51.99317,-0.0286,0.0641,0.0537,326.059,352.333,3.709,-0.1027,-0.3897,0.4191,4.929,15.673,307.684,0.1075,-0.3967,0.4716,4.052,21.907,53.827,01-12 15:48:33.264
359,52.03732,-0.0284,0.0668,0.0553,325.251,351.524,5.841,-0.1029,-0.3896,0.4198,5.721,15.761,308.466,0.1075,-0.3967,0.4716,4.052,21.907,53.827,01-12 15:48:33.307
360,52.0771,-0.0292,0.0701,0.0569,324.309,350.539,7.425,-0.1026,-0.3891,0.4191,5.449,15.732,308.190,0.1075,-0.3967,0.4716,4.052,21.907,53.827,01-12 15:48:33.347
361,52.11791,-0.0298,0.0734,0.0579,323.309,349.323,9.161,-0.1023,-0.3891,0.4188,4.938,15.670,307.676,0.1075,-0.3967,0.4716,4.052,21.907,53.827,01-12 15:48:33.389
362,52.16096,-0.0315,0.0757,0.0593,322.397,347.688,10.694,-0.1022,-0.3888,0.4185,4.896,15.663,307.632,0.1075,-0.3967,0.4716,4.052,21.907,53.827,01-12 15:48:33.432
363,52.2012,-0.0329,0.0775,0.0607,321.992,346.041,12.063,-0.1022,-0.3888,0.4191,5.456,15.722,308.180,0.1075,-0.3967,0.4716,4.052,21.907,53.827,01-12 15:48:33.472
364,52.24183,-0.0342,0.0783,0.0612,321.721,344.973,12.940,-0.1022,-0.3887,0.4191,5.438,15.726,308.164,0.1075,-0.3967,0.4716,4.052,21.907,53.827,01-12 15:48:33.512
365,52.28439,-0.0349,0.0782,0.0618,321.843,344.508,12.932,-0.1019,-0.3885,0.4190,5.159,15.690,307.876,0.1075,-0.3967,0.4716,4.052,21.907,53.827,01-12 15:48:33.556
366,52.3254,-0.0352,0.0777,0.0624,322.366,344.753,12.270,-0.1017,-0.3885,0.4190,4.896,15.663,307.625,0.1075,-0.3967,0.4716,4.052,21.907,53.827,01-12 15:48:33.596
367,52.36927,-0.0346,0.0767,0.0632,322.995,345.465,11.459,-0.1018,-0.3885,0.4196,5.362,15.713,308.075,0.1075,-0.3967,0.4716,4.052,21.907,53.827,01-12 15:48:33.639
368,52.40981,-0.0344,0.0764,0.0637,323.250,345.889,11.014,-0.1018,-0.3884,0.4195,5.387,15.717,308.103,0.1075,-0.3967,0.4716,4.052,21.907,53.827,01-12 15:48:33.680
369,52.45121,-0.0343,0.0761,0.0640,323.528,346.090,10.691,-0.1015,-0.3884,0.4196,5.073,15.677,307.781,0.1075,-0.3967,0.4716,4.052,21.907,53.827,01-12 15:48:33.721
370,52.49529,-0.0349,0.0760,0.0647,323.586,346.053,10.513,-0.1015,-0.3883,0.4194,4.997,15.672,307.712,0.1075,-0.3967,0.4716,4.052,21.907,53.827,01-12 15:48:33.766
371,52.53468,-0.0351,0.0761,0.0650,323.675,346.054,10.578,-0.1017,-0.3883,0.4200,5.463,15.726,308.163,0.1075,-0.3967,0.4716,4.052,21.907,53.827,01-12 15:48:33.806
372,52.57642,-0.0347,0.0761,0.0654,323.989,346.417,10.589,-0.1016,-0.3883,0.4198,5.329,15.708,308.035,0.1075,-0.3967,0.4716,4.052,21.907,53.827,01-12 15:48:33.847
373,52.61905,-0.0340,0.0759,0.0654,324.392,346.928,10.406,-0.1019,-0.3877,0.4186,4.937,15.664,307.634,0.1075,-0.3967,0.4716,4.052,21.907,53.827,01-12 15:48:33.890
374,52.65956,-0.0333,0.0758,0.0653,324.521,347.214,10.208,-0.1021,-0.3876,0.4187,5.175,15.692,307.869,0.1075,-0.3967,0.4716,4.052,21.907,53.827,01-12 15:48:33.930
375,52.70058,-0.0328,0.0759,0.0652,324.442,347.360,10.087,-0.1022,-0.3875,0.4185,5.325,15.707,308.021,0.1075,-0.3967,0.4716,4.052,21.907,53.827,01-12 15:48:33.970
376,52.74259,-0.0326,0.0765,0.0648,324.110,347.338,10.121,-0.1020,-0.3875,0.4180,5.044,15.675,307.735,0.1075,-0.3967,0.4716,4.052,21.907,53.827,01-12 15:48:34.013
377,52.78399,-0.0323,0.0770,0.0645,323.930,347.280,10.363,-0.1021,-0.3875,0.4181,5.133,15.684,307.824,0.1075,-0.3967,0.4716,4.052,21.907,53.828,01-12 15:48:34.054
378,52.82504,-0.0321,0.0774,0.0641,323.766,347.351,10.502,-0.1021,-0.3873,0.4183,5.292,15.703,307.975,0.1075,-0.3967,0.4716,4.052,21.907,53.827,01-12 15:48:34.096
379,52.86682,-0.0317,0.0780,0.0638,323.569,347.369,10.712,-0.1020,-0.3873,0.4182,5.071,15.677,307.760,0.1075,-0.3967,0.4716,4.052,21.907,53.827,01-12 15:48:34.137
380,52.90422,-0.0315,0.0782,0.0635,323.527,347.392,10.783,-0.1020,-0.3873,0.4183,5.105,15.681,307.792,0.1075,-0.3967,0.4716,4.052,21.907,53.827,01-12 15:48:34.174
381,52.95029,-0.0310,0.0784,0.0628,323.416,347.322,10.764,-0.1021,-0.3872,0.4185,5.269,15.700,307.953,0.1075,-0.3967,0.4716,4.052,21.907,53.827,01-12 15:48:34.220
382,52.99205,-0.0306,0.0784,0.0627,323.434,347.312,10.687,-0.1020,-0.3873,0.4186,5.094,15.681,307.777,0.1075,-0.3967,0.4716,4.052,21.907,53.827,01-12 15:48:34.262
383,53.04297,-0.0301,0.0785,0.0621,323.461,347.385,10.479,-0.1020,-0.3873,0.4188,5.264,15.698,307.946,0.1075,-0.3967,0.4716,4.052,21.907,53.827,01-12 15:48:34.314
